No.,SMILES
1,Cc1cc2c(s1)-c1cc3c(c(C)c1C2(C)C)-c1sc(C)cc1C3(C)C
2,CCCCCCCCCCCCCCC(C)CCCCCCCCCCCC
3,CC1c2cc(-c3cc4c5cc6c(=O)n(C)c(=O)c7ccc8c9ccc%10c(=O)n(C)c(=O)c%11cc(c4o3)c(c9c%10%11)c5c8c76)ccc2-c2ccc(-c3cc4c5cc6c(=O)n(C)c(=O)c7ccc8c9ccc%10c(=O)n(C)c(=O)c%11cc(c4o3)c(c9c%10%11)c5c8c76)cc21
4,CCC#N
5,Cc1cc2cc3c(ccc4ccsc43)cc2s1
6,CC1=CC2C(=O)N(C)C(=O)C3=CC4=c5c(c1c1ccc6c7c(cc(c5c17)OC4(C)C)C(=O)N(C)C6=O)C32
7,COC1=CC2c3cc(OC)ccc3C(C)C2C=C1
8,CC=Cc1ccc(C)c(C)c1
9,CC1C(=O)Nc2ccc(Cl)cc21
10,Cc1cc2sc3c(c2[se]1)C(C)(C)c1cc2c(cc1-3)C(C)(C)c1c-2sc2cc(C)[se]c12
11,Cc1ccc(-c2sc(C)c3nc4c(nc23)-c2cccc3cccc-4c23)s1
12,CN1C(=O)c2cccc3cccc(c23)C1=O
13,Cc1ccc(-c2cc3c(s2)c(C)cc2c4cc(C)sc4c(C)cc32)s1
14,Cc1cc2c([se]1)-c1[se]c(C)cc1C2C
15,CCCCC(CC)CCCC
16,CCCCCCC(C)CCCCCC
17,CC1=C2C(=O)NC(c3cc4ccc(C)cc4cn3)=C2C(=O)N1C
18,CCCCCCC(CCCC)OC(C)=O
19,CCCCCCCCCCCCC(CCCO)CCCCCCCCCC
20,Cc1cc2c3c(ccc4c5c6c(c1c43)=CC=C1C(=O)N(C)C(=O)C(C=C5c3cccs3)C16)C(=O)NC2=O
21,Cc1cc2c(s1)C(C)CN2
22,Cc1ccc2c(c1)N(C)C(=O)C2C
23,CC1c2ccccc2-c2ccccc21
24,Cc1ccc(C2(C)c3cc4c5cc6c(cc5n(C)c4cc3-c3sc4cc(C)sc4c32)-c2sc3cc(C)sc3c2C6(C)C)cc1
25,Cc1cc2cc3sccc3cc2s1
26,CCCCCCCCCCC(CCCC)CCCCCCCCCC
27,c1ccc2nsnc2c1
28,CC1=CC2C(=O)NC(=O)C3c4sc5c(c4SC3C2S1)c(=O)n(C)c(=O)c1cc(C)sc15
29,O=Cc1ccccc1
30,Cc1ccc(C2(C)c3cc(C)sc3-c3[se]c4cc5c6c([se]c5cc4c32)-c2sc(C)cc2C6(C)C)cc1
31,CCCCCCCCCCCCCCOC(=O)CCCCCN
32,CN1C(=O)C2=CC(c3cc4c(=O)n(C)c(=O)c5cc6[se]c7cc8c(=O)n(C)c(=O)c9ccc%10c3c(c45)c6c7c%10c98)c3c4c5c6c(cc7[se]c8cc(c2c3c8c75)C1=O)C(=O)NC(=O)C6=CC4
33,Cc1cc2c(s1)-c1sc(C)cc1C(=O)CC2=O
34,CCCCCCCCCCCCCCCCC
35,Cc1cc2c(s1)c1sc3c(c1n2C)C(C)(C)c1cc2c(cc1-3)C(C)(C)c1c-2sc2c3sc(C)cc3n(C)c12
36,CCCCCCCCCCCCCCCC[Ge]
37,Cc1cc2[se]c3c(c2s1)C(C)(C)c1cc2c(cc1-3)C(C)(C)c1c-2[se]c2cc(C)sc12
38,Cc1sccc1F
39,CCCCCCC(CN)CCCC
40,C=C1Cc2cc(OC)c(F)cc2C1=O
41,CCCCCCCCCCCCCCCCCCC
42,COCCO
43,CCCCCCCCCCC(CCCC)CCCCCCCCC
44,CCCCCCCCOCCOCCOCCCCON
45,C=C1C(=O)N(C)C(=O)N(C)C1=O
46,Cc1ccc2c(c1)C(C)c1cc3c(cc1-2)C(C)c1cc(-c2ccc(C)s2)ccc1-3
47,Cc1cc2sc3c4sc(C)c(C)c4sc3c2s1
48,Cc1c2c(cc3nn(C)nc13)N=S=N2
49,CCCCCC[Si](C)(O[Si](C)(C)C)O[Si](C)(C)C
50,CCCCCCCCCOC(C)=O
51,CCCCCCCC[Si](C)(CCCCCC)CCCCCC
52,CC#Cc1c2ccc(C)cc2c(C)c2ccc(C)cc12
53,COCCOCCOCCOCCCCCCCN
54,Cc1cc2c3nc4cc(F)c(F)cc4nc3c3ccsc3c2s1
55,CCCCCC#N
56,Cc1cc2c(=O)n(C)c(=O)c3ncsc3c2s1
57,Cc1c2nccnc2c(C)c2nsnc12
58,C=Cc1ccc(C)cc1
59,CCCCCCCCCCCC[Ge]
60,CCCCCCCN
61,CCOCCOCOC
62,CCCCCCCCCCCCC(C)CCCCCCCCCCCC
63,Cc1cc2sc3c(c2s1)C(C)(C)Oc1cc2c(cc1-3)OC(C)(C)c1c-2sc2cc(C)sc12
64,C=CC1=CC=C(C)C1
65,CCCCC(CC)OC(C)=O
66,Cc1ccc(C2(C)c3c(sc4cc5c6c(sc5cc34)-c3sc4cc(C)sc4c3C6(C)C)-c3sc4cc(C)sc4c32)cc1
67,CC1=CC2C(C=C1)c1ccccc1C21c2cc(C)ccc2C2C=CC(C)=CC21
68,Cc1c(F)ccc2nsnc12
69,C#[N+]
70,Cc1cc(-c2cccs2)cs1
71,Cc1cc2sc3c(c2s1)C(C)(C)c1cc2c(cc1-3)C(C)(C)c1c-2sc2cc(C)sc12
72,Cc1cc2c(Cl)c3c(cc2s1)C(C)C(=O)N3C
73,CC1=C2NC(=O)C(C)=C2N(c2ccc(C)cc2)C1=O
74,CCCCCCCCCCCCC(CCC)CCCCCCCCCC
75,CCCCCCCCCCCCC(CCCC)CCCCCCCCCC
76,CCCCCCCCCCCOC
77,CCCCC[Si](C)(O[Si](C)(C)C)O[Si](C)(C)C
78,Cc1ccc(C2(C)c3cc(C)sc3-c3sc4c(c(C)cc5c4cc(C)c4c6c(sc45)-c4sc(C)cc4C6(C)C)c32)cc1
79,Cc1ccc2c(c1F)N(C)C(=O)C2=C1C(=O)Oc2cc3c(cc21)OC(=O)C3C
80,C=Cc1ccc(C)c(F)c1
81,C=Cc1ccc(C)cc1F
82,Cc1ccc2c(c1)Nc1ccccc1S2
83,CC1=NC2C(C)c3nsnc3C(C)C2N=C1C
84,Cc1ccc(C2(C)c3cc(C)sc3-c3sc4c(C)c5c(sc6c7c(sc65)-c5sc(C)cc5C7(C)C)c(C)c4c32)cc1
85,Cc1ccc2c(c1F)N(C)C(=O)C2C
86,Cc1ccc2c(c1)C(C)c1cc(C)ccc1-2
87,CC1=C2C(=O)NC(C)=C2C(=O)N1
88,CCCCCCCCCCCCCCN
89,CCCCCCCCCCCCCCCCCN
90,COc1c2c(c(OC)c3c1-c1sc(C)cc1C3C)-c1sc(C)cc1C2
91,CCCCCCCCCCCC(N)=O
92,CCCCCC[Si](C)(O[SiH](C)C)O[Si](C)(C)C
93,Cc1ccc(-c2cc3c(s2)-c2sc(C)cc2[Si]3)s1
94,CCCc1ccccc1
95,CCCCc1ccccc1
96,CC1=C2C(=O)NC(c3ncc(C)s3)=C2C(=O)N1C
97,CCCCCCCCCCCCCCC(CCC)CCCCCCCCCCCCCC
98,CCCCCCCCCCC(CCCO)CCCCCCCC
99,CCCCC(CC)CCC
100,Cc1ccc2c(n1)N(C)C(=O)C2C
101,CCCCCCCCCCC(CC)CCCCCCCCCC
102,Cc1cc2c(C)c3sc(C4=CC5C(=O)N(C)C(=O)C6=CC=c7c(c4c4ccc8c9c(cc(C)c7c49)C(=O)NC8=O)C65)cc3c(C)c2s1
103,Cc1ccc2ccncc2c1
104,CCCC(CC)CS
105,Cc1sc2c(c1C)c1cccc3c1c2c1cccc2c4ccsc4c3c21
106,Cc1cc2c3c(sc2s1)-c1cc2c(cc1C3(C)C)-c1sc3cc(C)sc3c1C2(C)C
107,Cc1cc2sc3c4c(sc3c2s1)-c1cc2c(cc1C4(C)C)-c1sc3c(sc4cc(C)sc43)c1C2(C)C
108,CCCCCCOC
109,Cc1ccc(C2(C)c3c(cc4ccc5c6c(cc7ccc3c4c75)-c3sc4cc(C)sc4c3C6(C)C)-c3sc4cc(C)sc4c32)cc1
110,Cc1ccc2c(c1)C(C)C(=O)N2C
111,CC1=C2C(=O)NC(c3cc4sc(C)cc4s3)=C2C(=O)N1C
112,CC1=C2C=CC(=N2)C(C)=c2ccc3n2[Zn]n2c1ccc2C(C)=C1C=CC(=N1)C=3c1cc(C)cc(C)c1
113,CC1Sc2c(c3c4c(c5c(c6c4c2CNC6)SC(C)S5)CN(C)C3)S1
114,Cc1cc(-c2cccs2)c(-c2cc3sc4cc(C)sc4c3s2)s1
115,CCCCCCCCCCCC(C)CCCCCCCCCC
116,Cc1cc2nsnc2c(C)c1C
117,CCCCC(CC)OC=O
118,Cc1cc2sc3c(c2s1)C(C)c1c-3sc2cc(C)sc12
119,Cc1scc2c1OCCO2
120,CCCCCCCCCCCCNC
121,CC1=CC2C(=O)N(C)C(=O)C3N=C(C)SC3C2S1
122,CCCCCCC(CCCC)OC=O
123,Cc1ccc(C2=CC3C(=O)N(C)C(=O)C4=CC=c5c(c2c2ccc6c7c(cc(C)c5c27)C(=O)NC6=O)C43)s1
124,C=C1C(=O)c2ccccc2C1=C(C#N)c1cc(F)cc(F)c1
125,Cc1ccc(-c2cc3c(C)c4sc(C)cc4c(C)c3s2)s1
126,CCCCCCCOCCOCCOCCOC
127,CCCCCC[Si]CCCCCCCCN
128,CC1=Cc2c3c(c4cc(C)c5c6c(c(C)cc2c64)C(=O)NC5=O)=CC(C)=C2C(=O)N(C)C(=O)C1C23
129,CCCCCC(CC)CO
130,CC#Cc1cc2c3c(ccc4c5c(C)cc6c7c(ccc(c1c34)c75)C(=O)N(C)C6=O)C(=O)N(C)C2=O
131,Cc1ccc2c(c1)C(C)C1C=CC=CC21
132,Cc1cc(C)c(C)s1
133,C#CC(C)CO
134,CN1C(=O)C2=CC=c3c4c(c5ccc6c7c(ccc3c57)C(=O)NC6=O)C=CC(C1=O)C24
135,CCCCCCCCCCCCC(CCCCO)CCCCCCCCCC
136,CCCCCCCCCCC[Si]
137,FBF
138,C=C1Cc2csc(Cl)c2C1=O
139,C=C1Cc2ccc(F)cc2C1=O
140,CC1=c2c3c4c(n(C)c5cc6c7c(ccc2c7c45)C(=O)N(C)C6=O)=CC2C(=O)N(C)C(=O)C(=C1)C32
141,Cc1ccc(C2(C)c3cc4c(cc3-c3sccc32)C(C)(c2ccc(C)cc2)c2cc(C)sc2-4)cc1
142,CCCCCCCCOCCOCCOCCOCC
143,Cc1c(C#N)c(C#N)cc2nsnc12
144,CCCCCCCCCCCCCCCCCOC(=O)CCCN
145,C=C1Cc2cc(Br)c(Br)cc2C1=O
146,Cc1c2nc3c(nc2c(C)c2nc4c(nc12)-c1ccc2c5c(ccc-4c15)C(=O)N(C)C2=O)-c1ccc2c4c(ccc-3c14)C(=O)NC2=O
147,Cc1ccccc1N1C(=O)c2cc3cc4c(cc3cc2C1=O)C1=Nc2c3cc5cc6c(cc5cc3c3n2B(Cl)n2c(c5cc7cc8c(cc7cc5c2=N3)C(=O)N(C)C8=O)=NC4=N1)C(=O)N(C)C6=O
148,Cc1cc2nc3c4ccc5c6n(c(=O)c7ccc(c(=O)n3c2cc1C)c4c75)C(C)C(C)N=6
149,CC1=C2N=S=NC2=C(C)C2N=S=NC12
150,C#CC(CC)CO
151,Cc1cccc(C2(C)c3cc4c(cc3-c3sc(C)cc32)C(C)(c2cccc(C)c2)c2c-4sc3c4c(sc23)-c2cc3c(cc2C4(C)C)-c2sc(C)cc2C3(C)C)c1
152,C=C1Cc2sc3ccccc3c2C1=O
153,C=C1C(=O)c2ccccc2C1=O
154,CCCCCCCCCCCCCN
155,C=C1Cc2cccc(OC)c2C1=O
156,C=C1Cc2cc(OC)c(OC)cc2C1=O
157,C[Ge]
158,Cc1ccc2c(c1)NC(=O)C2C
159,CCCCCCCCCCCCCCCCCCC(CC)CCCCCCCCCCCCCCCCCC
160,Cc1c(=O)n2c3ccccc3c3cc(=O)n4c5ccccc5c1c4c32
161,Cc1ccc(C2(C)c3c(sc4c(C)csc34)-c3sc4c5c(sc4c32)-c2sc3c4c(sc3c2C5(C)c2ccc(C)cc2)-c2sc3cc(C)sc3c2C4(C)C)cc1
162,CC(C)CCCC(C)C
163,C=C1Cc2cc(Cl)sc2C1=O
164,C=C1Cc2ccc(C)cc2C1=O
165,Cc1ccc(C2(C)c3c(ccc4c5c(ccc34)-c3sc4cc(C)sc4c3C5(C)C)-c3sc4cc(C)sc4c32)cc1
166,C#CC#CC#C[Si]CCCCCCN
167,CN1C(=O)c2cc3cc4c5n6c(c4cc3cc2C1=O)N=c1c2cc3cc4c(cc3cc2c(n1B6F)=NC1=NC(=N5)c2cc3cc5c(cc3cc21)C(=O)NC5=O)C(=O)N(C)C4=O
168,Cc1ccc2c(c1)N(C)C(=O)C2=C1C(=O)Oc2cc3c(cc21)OC(=O)C3C
169,Cc1ccc2c(c1)Cc1ccc(C)cc1-2
170,CC1=C2CNC(c3ccc(C)s3)=C2CN1C
171,Cc1nc2cc3nsnc3c(C)c2nc1C
172,CCCCCC[Si]C
173,CCOCCCN
174,Cc1cc2c3c(c(C)cc4c3c1C(=O)NC4=O)C(=O)N(C)C2=O
175,CCCCCCCCCCC(CCCCCCCC)COC(=O)CCC
176,Cc1cc2sc3c(c2s1)C(C)(C)c1c(C)c2c(c(C)c1-3)C(C)(C)c1c-2sc2cc(C)sc12
177,CC1=C2C(=O)NC(c3ccc(C)nc3)=C2C(=O)N1C
178,CCCCCCCCCCCCCCCCCCC(CCCCC)CCCCCCCCCCCCCCCCCC
179,Cc1ccc2c(c1)N(C)C(=O)C2=C1C(=O)N(C)c2cc(C)ccc21
180,Cc1cc2c(s1)-c1sccc1C2C
181,C#Cc1ccc2c(n1)C(=O)N(C)C2=O
182,Cc1cc2c(s1)-c1cc3c(cc1C2(C)CCCCc1ccccc1)-c1sc(C)cc1C3(C)CCCCc1ccccc1
183,CCCCCCCCCCC(CCC)CCCCCCCC
184,CCCCC(S)CC
185,Cc1cc2c(s1)-c1sc(C)cc1C2C
186,CCCCCCSC
187,Cc1cc2c(cc1Cl)C(C)C(=O)N2C
188,CC1=C2SC(=O)C(C)=C2SC1=O
189,Cc1cc2cc3c(cc2s1)-c1cc2sc(C)cc2cc1C3C
190,C=C1Cc2c(sc3ccccc23)C1=O
191,CCCCCCCCCCC(C)CCCCCCCCCC
192,Cc1ccc(C2(C)c3cc(C)sc3-c3ccc4c5ccc6c7c(ccc(c8ccc2c3c48)c75)-c2sc(C)cc2C6(C)C)cc1
193,Cc1ccc2c(c1F)N(C)C(=O)C2=C1C(=O)N(C)c2ncccc21
194,CC#Cc1ccc(C)c(C)c1
195,C=C1SC(=O)N(CC)C1=O
196,Cc1cc2c(ccc3nsnc32)c2nsnc12
197,CC1CCS(=O)C1
198,Cc1ccc(C2(C)c3c(sc4cc(C)sc34)-c3sc4c5c(sc4c32)-c2sc3c4c(sc3c2C5(C)c2ccc(C)cc2)-c2sc3cc(C)sc3c2C4(C)C)cc1
199,Cc1ccc2c(c1F)NC(=O)C2C
200,Cc1cc2c(s1)-c1sccc1C2
201,CCCCCCC(CCC)CCCCCC
202,CN1C(=O)c2ccc3c4ccc5c6c(ccc(c7ccc(c2c37)C1=O)c64)C(=O)N(C)C5=O
203,CC1C(=O)Nc2ccsc21
204,C#Cc1ccc(C)s1
205,Cc1cc2sc3c(c2s1)C(C)(C)Oc1c-3sc2c3c(sc12)-c1sc2cc(C)sc2c1C(C)(C)O3
206,Cc1cc2sc3c(c2s1)N=c1c-3c2c(c3c4sc5cc(C)sc5c4n(C)c13)=NN=N2
207,CCCCCCCCCCC(C=O)CCCCCCCCCC
208,CCCCCCCCCCCCCCC(CCCC)CCCCCCCCCCCCCC
209,CCCCC1(CCCC)c2ccc(C)cc2-c2c1c1c(c3c2C(CCCC)(CCCC)c2ccc(C)cc2-3)C(CCCC)(CCCC)c2ccc(C)cc2-1
210,C=Cc1cc2c3c(c(C)cc4c3c1C(=O)N(C)C4=O)C(=O)N(C)C2=O
211,CC(C)CCCC(C)COC=O
212,CCCCCCO
213,Cc1ccc(C=C2Cc3ccccc3C2=O)s1
214,C=C1C(=O)N(CCCC)C(=O)C(C)=C1C
215,Cc1cc2c3c(cc4c5c6c(cc7c8c(ccc(c1c35)c86)C(=O)NC7=O)C(C)(C)O4)C(=O)N(C)C2=O
216,CCc1cccc(C)c1
217,CCCCCCCOCCOCCOCCCCO
218,Cc1ccc(C)c2nsnc12
219,Cc1cc2c(s1)-c1cc3c(cc1OC2C)-c1sc(C)cc1C(C)(C)O3
220,Cc1ccc(C#Cc2ccc3c4c(cccc24)C(=O)N(C)C3=O)s1
221,CCCCCC[Si]
222,Cc1cc2c3c(ccc4c5ccc6c7c(ccc(c1c34)c75)C(=O)NC6=O)C(=O)N(C)C2=O
223,Cc1cc2c(s1)-c1sc3c4c(sc3c1CNC2)-c1sc2c3c(sc2c1CN(C)C4)-c1sc2c4c(sc2c1CN(C)C3)-c1sc(C)cc1CN(C)C4
224,Cc1ccc2c(c1)C(C)c1cc3c(cc1-2)C(C)c1ccccc1-3
225,Cc1ccc2c(c1)-c1ccccc1C2(C)C
226,Cc1ccc(C2(C)c3cc(C)sc3-c3sc4cc5c(cc4c32)C(C)c2cc3c4c(sc3cc2-5)-c2sc(C)cc2C4(C)C)cc1
227,Cc1sc2c3c(sc2c1C)-c1cc2c(cc1C3(C)C)-c1sc3c(C)c(C)sc3c1C2(C)C
228,Cc1ccc(C2(C)c3cc(C)sc3-c3sc4c5c(sc4c32)-c2sc(C)cc2C5(C)C)cc1
229,c1ccc2sccc2c1
230,Cc1cc2c(s1)-c1cc3c(cc1C2C)-c1cc2c(cc1C3(C)C)-c1sc(C)cc1C2(C)C
231,CCCCCCC(CCCC)CCCCC
232,Cc1ccc(-c2cnc(C)s2)s1
233,Cc1ccc2c(c1)C(C)(C)c1ccccc1-2
234,C=C1Cc2cc(I)ccc2C1=O
235,CC1=CC2C(C=C1)c1ccc(C)cc1C21c2cc(C)ccc2C2C=CC(C)=CC21
236,Cc1ccc(C2=CC3C(=O)N(C)C(=O)C4=CC5=c6c(c2c2ccc7c8c(cc(c6c28)OC5(C)C)C(=O)NC7=O)C43)cc1
237,Cc1cccc(-c2cnc3c(C)cc(F)c(C)c3n2)c1
238,Cc1cc2c(s1)C(C)CN2C
239,C=Cc1sc(C)c(F)c1F
240,CC1C(=O)Nc2cc3c(cc21)NC(=O)C3C
241,CCCCCCN
242,COCCOC
243,Cc1ccc2c(c1)N(C)C(=O)C2=C1C(=O)Oc2cc3c(cc21)OC(=O)C3=C1C(=O)N(C)c2ccccc21
244,Cc1ccc(C2(C)Oc3cc(C)sc3-c3cc4c(cc32)-c2sc(C)cc2OC4(C)C)cc1
245,Cc1ccc(C2(C)c3c(sc4cc(C)sc34)-c3sc4c(C)c5c6c(sc5c(C)c4c32)-c2sc3cc(C)sc3c2C6(C)C)cc1
246,CCCCCCC(C)CC
247,CCCCCCCCCCCCC(CCCCCCC)CCCCCCCCCC
248,CC1=c2c3c(c4c(C)cc5c6c(ccc2c64)C(=O)N(C)C5=O)C=CC2C(=O)NC(=O)C(=C1)C32
249,CC=NN=CC
250,C=C1SC(=S)N(CCC)C1=O
251,Cc1cccc2nonc12
252,Cc1cc2c(s1)-c1sc3c(c1C2(C)C)C(C)(C)c1cc2c(cc1-3)C(C)(C)c1c-2sc2c1C(C)(C)c1cc(C)sc1-2
253,CCCCCCCCCCCCCCCCC(C)CCCCCCCCCCCCCC
254,Cc1ccc2cc3ccccc3cc2c1
255,CN1C(=O)c2ccc3c4cccc5cccc(c6ccc(c2c36)C1=O)c54
256,CC1=CC=C(C)C1(C)C
257,Cc1cccc(C(C)C)c1
258,Cc1ccc(-c2cc3ccc4cc(C)sc4c3s2)s1
259,Cc1ccc(C2C3C(=O)NC(c4cccs4)=C3C(=O)N2C)s1
260,CCCCCCCCCCCCC(CO)CCCCCCCCCC
261,C=Cc1c(F)cc(C)c2nsnc12
262,Cc1ccc(-c2cc3sc4cc(C)sc4c3s2)s1
263,C=C1Cc2ccsc2C1=O
264,CC(=CCCO)CCO
265,CCCCCCCCCCC(CCC)CCCCCC
266,Cc1cncc2nsnc12
267,CCCCC([Si])CC
268,CCCCCCCCCCCCCCC(CCC)CCCCCCCCCC
269,Cc1c2nc3c(nc2cc2nc4c(nc12)-c1ccc2c5c(ccc-4c15)C(=O)N(C)C2=O)-c1ccc2c4c(ccc-3c14)C(=O)N(C)C2=O
270,CC1CCC(C)O1
271,Fc1ccccc1
272,COc1csc(C)c1OC
273,Cc1ccc(C2(C)c3c(sc4cc(C)sc34)-c3sc4c(C)c5c6c(sc5c(C)c4c32)-c2sc(C)cc2C6(C)C)cc1
274,Cc1sccc1C#N
275,COCCOCCCN
276,CC1=CC2C(C)c3cc(C)ccc3C2C=C1
277,COc1cc(F)c(OC)c(C)c1F
278,Cc1nc2cc3scnc3cc2s1
279,CCCCCCCCCCC(C)CCCCCC
280,C=C1Cc2sc3ccsc3c2C1=O
281,Cc1cc2sc3c(c2s1)C(C)c1cc2c(cc1-3)C(C)c1cc3c(cc1-2)C(C)(C)c1c-3sc2cc(C)sc12
282,Cc1cc2c(s1)-c1sc3c4c(sc3c1OC2(C)C)-c1sc(C)cc1C(C)(C)O4
283,Cc1cc2c(s1)-c1cc3c(cc1C2(C)C)-c1sc2c(c1C3C)C(C)(C)c1cc3c(cc1-2)C(C)(C)c1cc(C)sc1-3
284,Cc1nc2cccc(C)c2nc1C
285,Cn1c(=O)c2ccc3sc4ccccc4c4ccc(c1=O)c2c34
286,CN1C(=O)C2=CC(c3cc4c5c6c(c7c8c9c(ccc8c36)C(=O)N(C)C(=O)C9=CC7)CC=C5C(=O)N(C)C4=O)c3c4c5c6c(ccc5c5ccc(c2c35)C1=O)C(=O)NC(=O)C6=CC4
287,Cc1cc2c(s1)C(C)c1ccccc1-2
288,CCCCCCCCCCCCC(CCCCCC)CCCCCCCCCC
289,Cc1ccc2c(n1)N(C)C(=O)C2=C1C(=O)Oc2cc3c(cc21)OC(=O)C3C
290,Cc1cc2c(s1)-c1cc3c(cc1C2)C(C)C1=C3C(C)(C)c2cc3c(cc21)-c1sc(C)cc1C3
291,CCCCC(CC)C[Ge]
292,CCCCCCCCCOC=O
293,C=C1Cc2cc(C)ccc2C1=O
294,CC1=CC2C(=O)NC(=O)C3C=C(C)SC3C2S1
295,CN1c2ccccc2C(=O)C2C=C3NC4C=CC=CC4C(=O)C3=CC21
296,Cc1cc2c(s1)[Si](C)(C)c1ccsc1-2
297,CC=Cc1ccc2c(c1F)N(C)C(=O)C2=C1C(=O)Oc2cc3c(cc21)OC(=O)C3=C1C(=O)N(C)c2c1ccc(C)c2F
298,C=C1C(=O)N(CC)C(=S)N(CC)C1=O
299,Cc1ccccc1F
300,Cc1cc2c(s1)-c1cc3c(cc1OC2(C)C)-c1sc(C)cc1C(C)(C)O3
301,Cc1ccc2c(c1)=c1cc3c(cc1N=2)=c1cc(C)ccc1=N3
302,Cc1cc2c(Cl)c3c(cc2s1)C(C)C(=O)N3
303,CCC(C)CCCC(C)C
304,CC1=CC2=C(C1)C1=C(C=C(C)C1)C2C
305,CN1C(=O)c2ccc3c4c(C#Cc5ccc(Nc6ccc(C#Cc7cc8c9c(cc%10c%11c%12c(cc%13c%14c(ccc(c7c9%11)c%14%12)C(=O)N(C)C%13=O)OC%10(C)C)C(=O)N(C)C8=O)cc6)cc5)cc5c6c(cc7c(c8c(cc(c2c38)C1=O)OC7(C)C)c64)C(=O)N(C)C5=O
306,Cc1cc2c(s1)-c1sc(C)cc1C2
307,C=C1Cc2c(C)sc(C)c2C1=O
308,Cc1ccc2c(n1)NC(=O)C2C
309,CC1=CC2C(S1)c1cccc3c4c5c(cccc5c(c13)C2(C)c1ccc(C)cc1)-c1sc(C)cc1C4(C)C
310,Cc1ccc(-c2ccc(C)s2)cc1
311,Cc1ccc(C2(C)c3cc(C)sc3-c3cc4ccc5c6c(cc7ccc(c32)c4c75)-c2sc(C)cc2C6(C)C)cc1
312,Cc1cc2c(=O)sc3ccsc3c2s1
313,CC=Cc1ccc(C)c(OC)c1
314,COCCOCCOCCOCCCCCCCCN
315,C=C1Cc2cc(F)c(F)cc2C1=O
316,C=C1Cc2cc(Br)ccc2C1=O
317,Cc1ccc(-c2cnc(C)c(C)n2)cc1
318,CCCCCCCCCCCCCCC(C)CCCCCCCCCCCCCC
319,Cc1cc2c(s1)C(C)C(=O)N2C
320,CCCCC(CO)CC[Si]
321,C=C1c2ccccc2-c2nc(C#N)c(C#N)nc21
322,CCCCCCCC[Si](C)(CCCCCCCC)CCCCCCCC
323,CCCCC(N)CCCC
324,Cc1cc2c(s1)-c1cc3ccc4cc5c(c6ccc(c1C2(C)C)c3c46)C(C)(C)c1cc(C)sc1-5
325,C=C1Cc2sc(Cl)cc2C1=O
326,CCCCCCCCCCCCCCCCCCCCCCN
327,Cc1cc2c([se]1)-c1cc3c(cc1C2(C)C)-c1[se]c(C)cc1C3(C)C
328,CCCCCCCCCCC(CCCCCCCC)COC(=O)CCCCC
329,CCCCCCCCCCC(CC)CCCCCCCC
330,Cc1ccc2c(c1F)N(C)C(=O)C2=C1C(=O)N(C)c2c(F)cccc21
331,Cc1cc2c(s1)-c1cc3sc4cc5c(cc4c3cc1C2(C)C)C(C)(C)c1cc(C)sc1-5
332,Cc1cc2nc3c4ccc5c6c(ccc(c(=O)n3c2cc1C)c46)c(=O)n1c2cc(C)c(C)cc2nc51
333,Cc1ccc(-c2ccc(C)o2)o1
334,CCCCCCCCCCCCCC
335,CCCCCCCCSC
336,CCCCCCCCC(S)CCCCCC
337,C=Cc1cc2sc(C)cc2s1
338,Cc1ccc(-c2cc3sc(C)cc3s2)s1
339,CC1Cc2ccccc2C1=O
340,CC1=CC=C(C)CC1
341,Cc1cc2sc3c4c(sc3c2s1)-c1cc2c(cc1C4(C)C)-c1[se]c(C)cc1C2(C)C
342,CCCCCC(C)CC
343,CCCC[Si](C)(O[Si](C)(C)C)O[Si](C)(C)C
344,CCCCCCCCCCC(F)(F)C(F)(F)C(F)(F)C(F)(F)C(F)(F)C(F)(F)C(F)(F)F
345,Cc1cc2c3ccsc3c3cc(C)sc3c2s1
346,CC1=C2NC(=O)C(C)=C2NC1=O
347,Cc1c2c(c(-c3cccs3)c3c1-c1ccc(C)c4cccc-3c14)C(=O)NC2=O
348,C#Cc1ccc2c(c1)C(=O)N(C)C2=O
349,C=C1Cc2ccc(Br)cc2C1=O
350,Cc1ccc(C#Cc2ccc(C)c(C)c2)cc1
351,Cc1sc(C)c2nccnc12
352,CCOCCOCCOCC
353,Cc1cc2c3nc4ccccc4nc3c3ccsc3c2s1
354,CN1C(=O)c2cc3cc4c5n6c(c4cc3cc2C1=O)N=c1c2cc3cc4c(cc3cc2c(n1B6Cl)=NC1=NC(=N5)c2cc3cc5c(cc3cc21)C(=O)NC5=O)C(=O)N(C)C4=O
355,Cc1cc2c(s1)-c1cc3c(cc1CO2)-c1sc(C)cc1OC3C
356,Cc1cc2c(s1)-c1ccc3c(sc4c5ccc6c(c5sc34)C(C)(C)c3cc(C)sc3-6)c1C2(C)C
357,Cc1ccc2c(c1)-c1ccccc1C21c2cc(C)ccc2-c2ccc(C)cc21
358,CCCCCCCCCCCCC(CC)CCCCCCCCCC
359,C=C1Cc2c(OC)cccc2C1=O
360,CCCCCCCOC=O
361,Cc1ccc(-c2c3c(c(C)c4nsnc24)C(=O)NC3=O)s1
362,CCCCCCC(CC)CCCCCC
363,CCCCCC(F)(F)C(F)(F)C(F)(F)C(F)(F)C(F)(F)C(F)(F)F
364,CCCCCCCCOCCCCCN
365,CC1C(=O)Oc2c1ccc1c3c(ccc21)C(C)C(=O)O3
366,Cc1ccc2c(c1)C1(c3cc(C)ccc3-2)c2cc(C)ccc2-c2ccc(C3C=C4C(=O)N(C)C(=O)c5ccc6c(c54)c3c3c4c5c(ccc46)C(=O)NC(=O)C5=CC3)cc21
367,CC1c2nn(C)nc2C(C)C2N=S=NC12
368,C#Cc1cc2c(s1)C(=O)N(C)C2=O
369,Cc1ccc(C2(C)c3cc(C)sc3-c3sc4cc5c6c(sc5cc4c32)-c2sc(C)cc2C6(C)C)cc1
370,CC1=C2C=CC(=N2)C(c2ccccc2C)=c2ccc3n2[Zn]n2c1ccc2C(c1ccccc1C)=C1C=CC(=N1)C=3C
371,CC1=C2C(=O)CC(c3cc4sc(C)cc4s3)=C2C(=O)C1C
372,CCCCCCCCCCCCC(CCO)CCCCCCCCCC
373,c1ccc2occc2c1
374,CCc1ccccc1
375,CCCCCCCC[Si](C)(O[Si](C)(C)C)O[Si](C)(C)C
376,C#Cc1ccc(C)c2nsnc12
377,C#CC#CC
378,Cc1ccc(C2(C)c3cc(C)sc3-c3ccc4cc5c6c(ccc7cc2c3c4c76)-c2sc(C)cc2C5(C)C)cc1
379,Cc1cc2c(s1)C1=C(CC(C)S1)C2C
380,CC1=CC2C(=O)N(C)C(=O)C3=CC=c4c(c1c1ccc5c6c(ccc4c16)C(=O)N(C)C5=O)C32
381,Cc1ccc2c3c(cccc13)C(=O)NC2=O
382,CCCCCOCCC(F)(F)C(F)(F)C(F)(F)C(F)(F)C(F)(F)C(F)(F)F
383,Cn1c(=O)c2ccc3c4ccc5c(=O)n(C)c(=O)c6cc7c8c9cc%10c(=O)n(C)c(=O)c%11cc(-c%12cccc(-c%13cc%14c(=O)n(C)c(=O)c%15cc%16c%17c%18cc%19c(=O)n(C)c(=O)c%20ccc%21c%22ccc%23c(=O)n(C)c(=O)c%24cc(c%17c%17cc%25c(=O)n(C)c(=O)c%26ccc%27c%13c(c%14%15)c%16c%17c%27c%26%25)c(c%22c%23%24)c%18c%21c%20%19)c%12)c%12c%13ccc%14c(=O)n(C)c(=O)c%15cc(c8c8cc(c1=O)c2c3c8c7c4c56)c(c%13c%14%15)c9c%12c%11%10
384,Cc1c2c(nc3cc4c(-c5ccccc5)c5c(nc4cc13)-c1ccc3c4c(ccc-5c14)C(=O)NC3=O)-c1ccc3c4c(ccc-2c14)C(=O)N(C)C3=O
385,CC1=C2C(=O)NC(c3cccs3)=C2C(=O)N1C
386,COc1ccc(OC)c(C)c1
387,Cc1cc(F)cc2nsnc12
388,Cc1ccc(C2(C)c3cc(C)sc3-c3sc4c(cc(C)c5c4ccc4c6c(sc45)-c4sc(C)cc4C6(C)c4ccc(C)cc4)c32)cc1
389,C=C1Cc2cc(C)c(C)cc2C1=O
390,CCCCCCCCCCCCC(C)CCCCCCCC
391,Cc1cc2c(=O)n(C)c(=O)c3c(F)csc3c2s1
392,CCCCCCCCCOCCOCCOCCON
393,Cc1cc2c([se]1)-c1cc3c(cc1C2C)-c1[se]c(C)cc1C3(C)C
394,Cc1cc2cc3c(cc2s1)-c1cc2sccc2cc1C3
395,Cc1sc2c(sc3c4c5nsnc5c5c6sc7c(-c8ccccc8)c(C)sc7c6n(C)c5c4n(C)c23)c1C
396,Cc1ccc2c(c1Cl)N(C)C(=O)C2C
397,Cc1cc2sc3c(sc4c5sc(C)c(C)c5sc43)c2s1
398,N#CC=C(C#N)C#N
399,CN1C(=O)C2=CC=c3c4c5c(c6cc7c(cc6c6cc8c9c(ccc3c9c56)C(=O)NC8=O)[C@H]3c5ccccc5[C@@H]7c5ccccc53)=CC(C1=O)C24
400,C[Si](C)(C)O
401,CCCCCCCCCCCCCCCCC(CCCCCCCCCCCCCCCC)OC(=O)CCC
402,CCCCCCCCCCCCCCOC(=O)CCCN
403,C#Cc1ccc2c3c(cccc13)C(=O)N(C)C2=O
404,Cc1cc2sc3ccsc3c2s1
405,CCCCCOCCC(F)(F)C(F)(F)C(F)(F)C(F)(F)C(F)(F)C(F)(F)C(F)F
406,Cc1ccc(C=Cc2ccc(C)s2)s1
407,C[Si]
408,CC1c2cc3ccccc3cc2-c2cc3ccccc3cc21
409,Cc1cc2sc3c(c2s1)N(C)C(=O)C3C
410,Cc1cc2c(s1)-c1cc3c(cc1C2(C)C)-c1sc2c(c1C3(C)C)C(C)(C)c1c-2sc2cc(C)sc12
411,Cc1cc2c(s1)-c1cc3c(cc1C2C)-c1sc(C)cc1C3C
412,Cc1scc(F)c1F
413,Cc1csc(C)c1C
414,Cc1cc2ccc3c(ccc4ccsc43)c2s1
415,C=C1Cc2cc(C#CC)ccc2C1=O
416,CCCCC1(CCCC)c2ccccc2-c2ccccc21
417,Cc1cc(Cl)cs1
418,CCC(C)(C)C
419,CN1C(=O)C2=CC(c3cc4c(=O)n(C)c(=O)c5cc6sc7cc8c(=O)n(C)c(=O)c9ccc%10c3c(c45)c6c7c%10c98)c3c4c5c6c(cc7sc8cc(c2c3c8c75)C1=O)C(=O)NC(=O)C6=CC4
420,CCCCCCCCCCCCCCCN
421,CCCCCCCCCCCCC(CCCCCCCCC)CCCCCCCCCC
422,CC1=C2C(=O)NC(c3cc(C)c(C)s3)=C2C(=O)N1C
423,CCCCCC[Si]CCCCCCN
424,CC1SC(=S)NC1=O
425,C=C1Sc2ccccc2C1C
426,Cc1ccc(C2(C)c3cc(C)sc3-c3sc4c(sc5c(C)c6c(sc7c8c(sc76)-c6sc(C)cc6C8(C)C)c(C)c54)c32)cc1
427,Cc1ccc2c(c1)c1c(C)c(=O)n3c4ccccc4c4c(C)c(=O)n2c1c43
428,CC1=CC2C(C=C1)c1ccc(C)cc1C21c2ccccc2-c2ccccc21
429,Cc1cc(C#N)ccc1C#N
430,CCCCCCC(CC)CN
431,CCCCCCC[Si](C)(O[Si](C)(C)C)O[Si](C)(C)C
432,C=C1Cc2ccc(Cl)cc2C1=O
433,Cc1cc2ccsc2s1
434,Cc1ccc(-c2cc3cc(C)sc3s2)s1
435,Cc1cc2sc3c4c5nsnc5c5c6sc7c(C)c(C)sc7c6n(C)c5c4n(C)c3c2s1
436,Cc1nc2c(C)c3sc(C)nc3cc2s1
437,CCOCCOCCOCCOCCCCCCCCN
438,Cc1cc2c(s1)-c1c(ccc3c4c(ccc13)C(C)(C)c1cc(C)sc1-4)C2C
439,C[Si](C)(C)O[Si](C)(C)O[Si](C)(C)C
440,C#[N+]C1=C(C)C(C)C(=O)N(CCCC)C1=O
441,CC=Cc1ccc2c(n1)N(C)C(=O)C2=C1C(=O)Oc2cc3c(cc21)OC(=O)C3=C1C(=O)N(C)c2nc(C)ccc21
442,Cc1cc2sc3cc4c(cc3c2s1)C1=C(c2cc3c(cc2C1(C)C)sc1cc(C)sc13)C4C
443,CCCCCCCCCCCCCCCCCCC(CCCC)CCCCCCCCCCCCCCCCCC
444,CCCCCCC(CCN)CCCC
445,CC1C(=O)NC(=O)N(C)C1=O
446,Cc1cc2oc(=O)c3ccsc3c2s1
447,CCCCCCCCCCCCCCCCCCC(C)CCCCCCCCCCCCCCCCCC
448,Cc1cc2c(s1)c1cc3c(cc1n2C)C(C)C1=C3C(C)(C)c2cc3c(cc21)c1sc(C)cc1n3C
449,CCCCCCCCCCCCCCCCCCCN
450,C#Cc1cc2sc3cc(C)sc3c2s1
451,CC1=C2C(=O)NC(c3ccc(C)[se]3)=C2C(=O)N1C
452,Cc1cc2sc3c(C)c(C)sc3c2s1
453,Fc1cccnc1F
454,CCCCCCCCOCCCCC
455,Cc1ccc2c(c1)Cc1cc3c(cc1-2)C(C)c1cc(C)ccc1-3
456,Cc1cc2c3c(ccc4c5ccc6c7c(ccc(c1c34)c75)C(=O)N(C)C6=O)C(=O)N(C)C2=O
457,Cc1scc2c1C(=O)N(C)C2=O
458,C=C1Cc2sccc2C1=O
459,Cc1cc2c3cscc3c3ccsc3c2s1
460,CC(C)(C)C
461,Cc1cc2c3c(ccc4c3c1C(=O)N(C)C4=O)C(=O)N(C)C2=O
462,CCCCCCCCCC(F)(F)C(F)(F)C(F)(F)C(F)(F)C(F)(F)C(F)(F)C(F)(F)F
463,CC1C=C2C(=O)N(C)C(=O)c3ccc4c(c32)c1c1c2c3c(ccc24)C(=O)N(C)C(=O)C3=CC1
464,Cc1cc2sc3c(c2s1)C(C)c1cc2c(cc1-3)C(C)(C)c1c-2sc2cc(C)sc12
465,C=C1Cc2ccccc2C1=O
466,CCCCCCCCCCCCC(CCCC)CCCCCC
467,Cc1nccc2nsnc12
468,Cc1cccc2n[se]nc12
469,CC1=CC(C)C(=O)N1C
470,Cc1scc2c1N=S=N2
471,COCCOCCOCCCCOCCCCCCN
472,Cc1cc2c3nsnc3c3ccsc3c2s1
473,CN=C1c2ccc3c4c2c(ccc4c(=O)n2c4cc(C)c(C)cc4nc32)C(=O)N1C
474,CCCCCC(F)(F)C(F)(F)C(F)(F)C(F)(F)C(F)(F)C(F)(F)C(F)(F)F
475,CCCCCCCCCCC[Si]O[Si]C
476,CCCCCCCCCC[Si](C)(O[Si](C)(C)C)O[Si](C)(C)C
477,Cc1c2c(cc3nsnc13)N=S=N2
478,Cc1cc2c3c(ccc4c3c1C(=O)N(C)C4=O)C(=O)NC2=O
479,CN1C(=O)c2ccc3c4c5c6c7c(cc(c2c73)C1=O)C(C)(C)OC6=CC1C(=O)N(C)C(=O)C(=CC=4)C51
480,CCCCCCCCCCC(CCCC)CCCCCCCC
481,Cc1cnc2c(c1)C(=O)NC2=O
482,CCCCCCCCCCC(O)CCCCCCCC
483,Cc1ccc(C2(C)Oc3cc(C)sc3-c3cc4c(cc32)-c2sc(-c3ccc(C)s3)cc2OC4(C)C)cc1
484,Cc1ccc(C)c2nn(C)nc12
485,Cc1cc2c(s1)c(C)cc1c3ccsc3c(C)cc21
486,CCC[Si]
487,Cc1ccc(C2(C)c3cc(C)sc3-c3ccc4c5c(ccc4c32)-c2sc(C)cc2C5(C)C)cc1
488,Cc1sc2c(C)scc2c1F
489,Cc1ccc(C2(C)c3cc4c5cc6c(cc5n(C)c4cc3-c3sc(C)cc32)-c2sc(C)cc2C6(C)C)cc1
490,CC1=CC2C(C=C1)c1ccc(C)cc1C21c2ccccc2C2C=CC=CC21
491,CCCCCCCCCCCCCCCCCCCCC
492,CCCCCCCCCCCCCCCCN
493,CCCCCCS
494,CC#Cc1ccc2c(c1)C(C)C(C)C2=O
495,CCCCCCCCCCCCCCC(CCCCCC)CCCCCCCCCCCC
496,C=Cc1cc2c3c(cc(C)c4c3c1C(=O)N(C)C4=O)C(=O)N(C)C2=O
497,Cc1ccc(C2=C3C(=O)N4C=Cc5cc(C)sc5C4=C3C(=O)N2)s1
498,CCCCCCC(O)CCCC
499,Cc1cc2c(s1)C(=O)NC2=O
500,Cc1ccc(-c2cc(C)c(C)s2)cc1C
501,CCCCCC(F)(F)C(F)(F)C(F)(F)C(F)(F)C(F)(F)C(F)(F)C(F)(F)C(F)(F)F
502,Cc1ccc2c(c1)Sc1ccccc1N2CCCCCCn1c2ccccc2c2cc(C)ccc21
503,CCOCCOC
504,CCCCCCCCCCCCCCCCCCN
505,Cc1ccc(-c2cc(F)c(C)s2)s1
506,CCCCC1(CCCC)c2cc(C)ccc2-c2c1c1c(c3c2C(CCCC)(CCCC)c2cc(C)ccc2-3)C(CCCC)(CCCC)c2cc(C)ccc2-1
507,Cc1cc2sc3c(c2s1)C(C)(C)c1cc2c(cc1-3)C(C)(C)c1c-2sc2c1sc1cc(C)sc12
508,CCCCCCCCC[Si]
509,CCCCCCC(CCCC)CCCCCC
510,CN1C(=O)C2=CCc3c4c5c6c(ccc5c5ccc(c2c35)C1=O)C(=O)N(C)C(=O)C6=CC4
511,C=C1Cc2cccc(Cl)c2C1=O
512,Cc1ccc(-c2sc(C)c3nc(C)c(C)nc23)s1
513,C=C1Cc2cc(OC)ccc2C1=O
514,Cc1ccc2c(c1)[Si](C)(C)c1ccccc1-2
515,C=Cc1ccc(C)s1
516,O=S1CCCC1
517,C=C(C#N)C#N
518,Cc1ccc2c(c1)C(=O)c1cc3c(cc1=N2)C(=O)c1cc(C)ccc1N=3
519,CCCCC(CC)CN
520,Cc1ccc(C2(C)c3cc4c(cc3-c3sc5cc(C)sc5c32)C(C)(c2ccc(C)cc2)c2c-4sc3c4c(sc23)-c2cc3c(cc2C4(C)C)-c2sc4cc(C)sc4c2C3(C)C)cc1
521,NB(F)F
522,CCCCCCCCCCCCCCCCO
523,Cc1c(F)cc2c(c1F)N(C)C(=O)C2=C1C(=O)Oc2cc3c(cc21)OC(=O)C3C
524,CCCCCCCCCCCCCCCCCCCC
525,Cc1ccc2c(c1)C(C)(C)c1cc(C)sc1-2
526,Cc1ccsc1
527,CCC(C)CC
528,CCCCCCCC=CCCCCCCCC
529,CCCCOCCOCCOC
530,CCCCCCCCCCCCCCCCCCCCN
531,CCCCCCC(CCCC)OC
532,Cc1ccc2c(c1)C(C)c1cc(C)sc1-2
533,CN1C(=O)c2ccc3c4c5c(c6ccc(c2c36)C1=O)=CC=C1C(=O)NC(=O)C(C=C4)C15
534,Cc1ccc2c(c1)C1(c3ccccc3-2)c2cc(C)ccc2-c2ccc(C)cc21
535,Cc1cc2csc(C)c2s1
536,Cc1cc2c(s1)-c1cc3c(cc1C2)-c1sccc1C3C
537,CCCOC(C)C
538,Cc1csc(C)c1
539,C=C1Cc2cc(F)ccc2C1=O
540,CCOCOCOC
541,CCCCCC(CC)COC
542,CCCCCCCCCCCCCCCCCCCCCN
543,CCCCCCCCCN
544,CCCCCCCCCCCCCCCCCO
545,CCCCN1C(=O)C2=C(C)N(CCCC)C(=O)C2=C1C
546,CCCCC(O)CC
547,Oc1ccccc1
548,Fc1cccc(F)c1F
549,CCCC[Si]O[Si]C
550,CCCCCCCCOCCOCCOCCOC
551,Cc1nc2c(C)c3scnc3c(C)c2s1
552,CCCCC([Ge])CC
553,CCCCCCCCCCCCC(CCCCC)CCCCCCCCCC
554,C=C1Cc2ccc(OC)cc2C1=O
555,Cc1ccc(-c2sc(C)c3nccnc23)s1
556,Cc1ccc(-c2cc(C)c(C)c(C)c2C)cc1
557,Cc1ccc(C(C#N)=Cc2ccc(C)c(C)c2)s1
558,Cc1cc2c(s1)-c1cc3c(cc1C2(C)C)-c1sc2cc(C)sc2c1C3(C)C
559,CNc1ccc(C)cc1C
560,Cc1ccc(-c2cnc3c(C)c4nsnc4c(C)c3n2)cc1
561,c1cc2ccc3ccc4ccc5ccc1c1c2c3c4c51
562,CCCCCCCOC(C)=O
563,CCCCCCCCCCCCCCCCCCC(CCCCCC)CCCCCCCCCCCCCCCCCC
564,Cc1cc2sc3c(c2s1)C(C)(C)c1cc2c(cc1-3)C(C)(C)c1cc(C)[se]c1-2
565,Cc1ccc(C2(C)c3cc(C)sc3-c3ccc4c5c(ccc2c35)-c2sc(C)cc2C4(C)C)cc1
566,CCCCCC(F)(F)C(F)(F)C(F)(F)C(F)(F)F
567,Cc1cc2c(s1)C(C)C(=O)N2
568,CCCCCCCCCCCCCCC(C)CCCCCCCCCC
569,Cc1cc2c3c(ccc4c5c(C)cc6c7c(ccc(c1c34)c75)C(=O)N(C)C6=O)C(=O)NC2=O
570,C=C1SC(C)=C(C)S1
571,Cc1cc2sc3c(c2s1)C(C)(C)c1c-3sc2c(C)c3c4c(sc3cc12)-c1sc2cc(C)sc2c1C4(C)C
572,Cc1cc2c(s1)-c1cc3c(cc1C2(C)C)-c1sc(C)cc1C3(C)C
573,CCCCCCCCCCCCCCCCCC
574,Cc1ccc(C2(C)c3cc4c(cc3-c3sc(C)cc32)C(C)(c2ccc(C)cc2)c2c-4sc3c4c(sc23)-c2cc3c(cc2C4(C)C)-c2sc(C)cc2C3(C)C)cc1
575,Cc1cc2c(s1)-c1sc3c(c1C2(C)C)c1ccc2nc(C)c4c5sc6c(c5c5ccc7nc(C)c3c3c7c5c4c2c13)C(C)(C)c1cc(C)sc1-6
576,Cc1ccc(C2=CC(C)C(=O)N2)s1
577,C#Cc1cc2c3c(c(C)cc4c3c1C(=O)N(C)C4=O)C(=O)N(C)C2=O
578,CCC(N)CC
579,Cc1cc2cc3c(cc2s1)-c1cc2c(cc1C3C)-c1cc3sc(C)cc3cc1C2(C)C
580,CCCCCC(CC)CCCC
581,CC1c2nsnc2C(C)C2C=S=CC12
582,Cc1nccs1
583,Cc1ccc(-c2nc(C)c(C)s2)s1
584,CC1=C2C(=O)NC(c3ccc(C)o3)=C2C(=O)N1C
585,Cc1cc2c(s1)-c1cc3cc4c(cc3cc1C2C)-c1sc(C)cc1C4(C)C
586,Cc1ccc(C2(C)c3c(sc4cc(C)sc34)-c3sc4c5c(sc4c32)-c2sc3cc(C)sc3c2C5(C)C)cc1
587,CCCCCCCCCCC(CCCCCC)CCCCCCCCCC
588,C=Cc1ccc(C)[se]1
589,CC1(C)c2ccccc2C2C=CC=CC21
590,CCCCN1C2=CC3C(=O)c4ccccc4N(CCCC)C3C=C2C(=O)C2C=CC=CC21
591,Cc1ccc(C=C2SC(=S)N(C)C2=O)s1
592,Cc1cc2c3c4c(c5sc(C)cc5c5c4c(c2s1)C(=O)NC5=O)C(=O)N(C)C3=O
593,CC1C(=O)Oc2c1ccc1c3c(ccc21)C(=C1C(=O)N(C)c2ccccc21)C(=O)O3
594,Cc1ccc(-c2ccc(C)[se]2)s1
595,CCCCCCCCCCCCC(CCCCCCCCCC)COC(=O)CCCCC
596,Cc1sc2c(C)csc2c1C
597,Cc1cc2c(C)c3sc(C4=CC5C(=O)N(C)C(=O)C6=CC=c7c(c4c4ccc8c9c(ccc7c49)C(=O)NC8=O)C65)cc3c(C)c2s1
598,Cc1ccc(-c2ccc(C)cn2)nc1
599,CCCCCCCCCCCCOC(=O)CCCCCN
600,Cc1cc2c(s1)-c1sc3c(C)c4c5c(sc4cc3c1C2(C)C)-c1sc(C)cc1C5(C)C
601,CC1=C2C=CC(=N2)C(C)=c2ccc3n2[Zn]n2c1ccc2C(C)=C1C=CC(=N1)C=3c1cc(C)c(C)c(C)c1
602,CCCCCC[Si]O[Si]C
603,C=C1Cc2cscc2C1=O
604,Cc1cc2c(cc1Cl)C(C)C(=O)N2
605,Cc1ccc2c(c1Cl)NC(=O)C2C
606,CC1=C2C(=O)NC(c3ccc(C)cc3)=C2C(=O)N1C
607,CCCCCC(CC)CN
608,CN1C(=O)c2ccc3c4c5c6c([se]c7cc(c2c3c76)C1=O)=CC1C(=O)N(C)C(=O)C(=CC=4)C51
609,C=C(C#N)C(=O)OCC
610,Cc1ccc2c(c1)C(=O)c1ccccc1-2
611,CCCCCCC[Si]O[Si]C
612,Cc1cc(C#N)c(C)s1
613,CCCCCCC(CC)CC
614,CCCCCCC=CCCCCCCCC
615,CC1=Cc2c3c(c4cccc5cccc2c54)=CC(C)=C2C(=O)N(C)C(=O)C1C23
616,CCCCCCCCCCCCC(CCCCCCCC)CCCCCCCCCC
617,C=C1Cc2cc(Cl)ccc2C1=O
618,Cc1cccc2nn(C)nc12
619,CCCCCCC(CCCC)CCCC
620,CCCCC1(CCCC)c2ccccc2-c2ccc(C)cc21
621,CNc1ccc(C)cc1
622,CC1=CC2C(=O)NC(=O)C3N=C(C)SC3C2S1
623,Cc1c(F)cc2c(c1F)NC(=O)C2C
624,CN1C(=O)C2=CCc3c4c5c6c(ccc5c5ccc(c2c35)C1=O)C(=O)NC(=O)C6=CC4
625,C#Cc1ccc(C)cc1
626,C#CC1=CC2C(C=C1)c1ccc(C)cc1C21c2cc(C)ccc2C2C=CC(C)=CC21
627,CC1=CC(C)C(=O)N1
628,CC1c2ccccc2-c2ccsc21
629,Cc1ccc(C2(C)c3cc(C)sc3-c3sc4c(C)c5c6c(sc5c(C)c4c32)-c2sc(C)cc2C6(C)C)cc1
630,CCCCCC[Si](C)(CCCCCC)CCCCCC
631,Cc1ccc(-c2ccc(C)s2)nn1
632,CC1=c2c3c(c4ccc5c6c(ccc2c46)C(=O)NC5=O)C=CC2C(=O)N(C)C(=O)C(=C1)C32
633,Cc1cccc(C2(C)c3cc4c5cc6c(cc5n(C)c4cc3-c3sc(C)cc32)-c2sc(C)cc2C6(C)C)c1
634,CC=Cc1ccc(C)cc1
635,Cc1ccc2c(c1)Sc1ccccc1N2
636,CCCCCCCCC(CC)CCCCCC
637,Cc1cc2c(s1)-c1cc3c(cc1C2C)-c1cc2c(cc1C3C)-c1cc3c(cc1C2(C)C)-c1sc(C)cc1C3(C)C
638,C=C1Cc2cc(F)c(OC)cc2C1=O
639,COCCOCC(C)COCCOC
640,CB1n2c3c4cc5cc6c(cc5cc4c2N=c2c4cc5cc7c(cc5cc4c(n21)=NC1=NC(=N3)c2cc3cc4c(cc3cc21)C(=O)NC4=O)C(=O)N(C)C7=O)C(=O)N(C)C6=O
641,Cc1cc2c(s1)-c1sc3c4c(sc3c1CNC2)-c1sc2c3c(sc2c1CN(C)C4)-c1sc2c4c(sc2c1CN(C)C3)-c1sc2c3c(sc2c1CN(C)C4)-c1sc(C)cc1CN(C)C3
642,CC1=C2C(=O)NC(c3ccc(C)cn3)=C2C(=O)N1C
643,Cc1cc2c3csc(C)c3c3cc(C)sc3c2s1
644,CCCCCCCCCCC(CCC)CCCCCCCCCC
645,CC=Cc1ccc2c(c1)N(C)C(=O)C2=C1C(=O)Oc2cc3c(cc21)OC(=O)C3=C1C(=O)N(C)c2cc(C)ccc21
646,Cc1cc2c(s1)-c1cc3c(cc1C2C)-c1cc2c(cc1C3C)-c1sc(C)cc1C2(C)C
647,CCCCCCCCCCCCCCCO
648,Cc1cc2sc3c4c(sc3c2s1)-c1c(C)c2c(c(C)c1C4(C)C)-c1sc3c(sc4cc(C)sc43)c1C2(C)C
649,CO[Si](C)(C)OC
650,CCCCC(CC)C[Si]
651,CCCCCCCCCCCCCCCCCCC(CCC)CCCCCCCCCCCCCCCCCC
652,CCCCCCCCCCCCOC(=O)CCCN
653,CCCCC[Si]O[Si]C
654,C=C1SC(=S)N(C)C1=O
655,Cc1cc2c(s1)-c1sc3c(c1C2(C)C)c1sc2c(c1c1sc4c(c31)C(C)(C)c1cc(C)sc1-4)C(C)(C)c1cc(C)sc1-2
656,C=C1Cc2cc3ccccc3cc2C1=O
657,Cc1cc2sc3c(c2s1)NC(=O)C3C
658,Cc1ccc2c(c1)Cc1ccccc1-2
659,Cc1cc2sc3c4sccc4sc3c2s1
660,C=Cc1cc2c3c(ccc4c3c1C(=O)N(C)C4=O)C(=O)N(C)C2=O
661,Cc1ccc(C2(C)c3cc(C)sc3-c3ccc4cc5c6c(ccc5cc4c32)-c2sc(C)cc2C6(C)C)cc1
662,CCCCCCCCCCCC(CCCC)CCCCCC
663,Cc1cc2c(s1)-c1cc3c(cc1C2(C)C)-c1sc2c(sc4cc(C)sc42)c1C3(C)C
664,Cc1ccc(C2(C)c3cc4c(cc3-c3sc(C)cc32)C(C)(c2ccc(C)cc2)c2cc(-c3ccc(C)s3)sc2-4)cc1
665,CN1C(=O)c2ccc3c4c5c(c6ccc(c2c36)C1=O)=CC=C1C(=O)N(C)C(=O)C(C=C4)C15
666,Cc1ccc2c(c1)[C@H]1c3ccccc3[C@@H]2c2ccc(C)cc21
667,Cc1ccc(-c2cc3c(s2)-c2sc(C)cc2C3)s1
668,CC1=c2c3c(c4ccc5c6c(ccc2c46)C(=O)N(C)C5=O)C=CC2C(=O)N(C)C(=O)C(=C1)C32
669,Cc1c2c(c(-c3cccs3)c3c1-c1ccc(C#N)c4cccc-3c14)C(=O)NC2=O
670,C=C1Cc2csc(C)c2C1=O
671,Cc1ccc2c(c1)C(C)c1ccccc1-2
672,CCCCCCCCC[Si](C)(O[Si](C)(C)C)O[Si](C)(C)C
673,CCCCCCCCCCCCCCCCCCCCCCC
674,C=C1Cc2cc(Cl)c(Cl)cc2C1=O
675,CCCOCOCCO
676,CCCCCCCCCCCCC(CCCCCCCCCC)COC(=O)CCC
677,CCCCCCCCCCC(F)(F)C(F)(F)C(F)(F)C(F)(F)C(F)(F)C(F)(F)C(F)(F)C(F)(F)F
678,C=Cc1cc(C)c(C)s1
679,Cc1cc(-c2cccs2)c(-c2cc3sc(C)cc3s2)s1
680,CCCCCCCCCCCCCCO
681,Cc1cc2c(s1)-c1cc3cc4c(cc3cc1C2(C)C)-c1sc(C)cc1C4(C)C
682,C=C1SC(=S)N(CC)C1=O
683,O=c1c2ccc3c(=O)n4c5ccccc5nc4c4ccc(c2c34)c2nc3ccccc3n12
684,Cc1cc2c(s1)-c1cc3c(cc1C2C)-c1sc(C)cc1C3(C)C
685,CC1=c2c3c(c4c(C)cc5c6c(ccc2c64)C(=O)N(C)C5=O)C=CC2C(=O)N(C)C(=O)C(=C1)C32
686,CCCCCCCCCCC[Si](C)(O[Si](C)(C)C)O[Si](C)(C)C
687,Cn1c(=O)c2ccc3c4ccc5c(=O)n(C)c(=O)c6cc7c8c9cc%10c(=O)n(C)c(=O)c%11cc%12c%13c%14cc%15c(=O)n(C)c(=O)c%16cc(-c%17cccc(-c%18cc%19c(=O)n(C)c(=O)c%20cc%21c%22c%23cc%24c(=O)n(C)c(=O)c%25cc%26c%27c%28cc%29c(=O)n(C)c(=O)c%30ccc%31c%32ccc%33c(=O)n(C)c(=O)c%34cc(c%27c%27cc%35c(=O)n(C)c(=O)c%36cc(c%22c%22cc%37c(=O)n(C)c(=O)c%38ccc%39c%18c(c%19%20)c%21c%22c%39c%38%37)c%18c%23c(c%25%24)c%26c%27c%18c%35%36)c(c%32c%33%34)c%28c%31c%30%29)c%17)c%17c%18ccc%19c(=O)n(C)c(=O)c%20cc(c%13c%13cc%21c(=O)n(C)c(=O)c%22cc(c8c8cc(c1=O)c2c3c8c7c4c56)c1c9c(c%10%11)c%12c%13c1c%22%21)c(c%18c%19%20)c%14c%17c%16%15
688,CC1=C2C(=C(C)C(=O)N2C)N(c2ccc(C)cc2)C1=O
689,CCCCCCCC[Si]CCCCCCCCCN
690,CCCCCCCCCCCCC
691,CCCCCCCCCCOC=O
692,CCCCCCC(CO)CCCC
693,Cc1ccc(-c2cc(C)c(C)s2)s1
694,CCCCCCCCC(CO)CCCCCC
695,CCCCCCCC(C)CCCCCC
696,CCCCCCC(CCC)CCCC
697,CCCCCCC(CS)CCCC
698,Cc1cc2sc(C)cc2s1
699,Cc1cccc2c1C(=O)N(C)C2=O
700,CCCCCCCCCCO
701,Cc1ccc2c3ccccc3c(=O)n(C)c2c1
702,Cc1sc(C)c2sccc12
703,CCC1(C)CCCCCc2csc(c2)-c2c3cc(C)sc3c(C)c3cc(sc23)-c2ccc(s2)-c2c(F)cc(C)c3ncc(nc23)-c2cccc(c2)OCC1
704,Cc1cc(F)ccc1F
705,Cc1c(F)c(F)c(C)c2nccnc12
706,Cc1cncs1
707,CCCCCCCCCCCCCCOC(C)=O
708,CC1=CC2NC(=O)c3cc4c(cc3C2S1)c(=O)n(C)c1cc(C)sc41
709,Cc1sc2csc(C)c2c1F
710,CCCCCCCCOC=O
711,Cc1cc2c(C)c3sc(C)cc3cc2s1
712,Cc1ccc(-c2cnc3c(C)cc4c(cc(C)c5nc(C)c(C)nc54)c3n2)s1
713,CCCCCCCC[Si]
714,CC1=CC=C(C)C2C(=O)N(C)C(=O)C12
715,CCCCCCCCCC(CCCCCCCC)COC=O
716,CCCCCCCCCCCOC(C)=O
717,CCCCC(CC)CSC
718,CCCCCCCCCCCCCCC
719,Cc1cc2c(s1)-c1sccc1[Si]2
720,Cc1cc2c(C)c3nn(C)nc3cc2s1
721,Cc1c(F)c(F)cc2c1C(=O)N(C)C2=O
722,CCCCCC(CC)CC
723,CCCCCCCCCCCCOC(N)=O
724,CCCCCCCCS
725,Cc1ccc(-c2cc(F)c(C)cc2F)s1
726,Cc1cc2c(-c3ccccc3)c3sc(C)cc3c(C)c2s1
727,Cc1scc(Cl)c1C
728,CCCCCCCCCCCCSC
729,Cc1ccc[se]1
730,Cc1ccc(-c2ccc(C)s2)s1
731,CCCC(C)CC
732,Cc1nnco1
733,CCCCCCCCN
734,CC(C)CCCC(C)CCOC=O
735,CCCCCCC(C)CCCC
736,C=Cc1sc(C)cc1F
737,N#CCC#N
738,C#C[Si](C(C)C)(C(C)C)C(C)C
739,CCOCCOCCOCCOC
740,CCCCCCCCCCCC(C)CCCCCCCCC
741,Cc1cccc(-c2cnc3c(C)ccc(C)c3n2)c1
742,CCCCCCCCCCC(C)CCCCCCCC
743,Cc1cc2sc(C)c(C)c2s1
744,Cc1cc2c(C)c3sccc3c(C)c2s1
745,CC1=C2C(=O)N(C)C(C)=C2C(=O)N1
746,CCOCCOCCO
747,Cc1c(F)c(F)cc2nn(C)nc12
748,CC1=C2C(=O)NC(c3ccc(C)s3)=C2C(=O)N1C
749,Cc1cc2c(C)cc3c(cc(C)c4ccsc43)c2s1
750,Cc1scc(Cl)c1Cl
751,CCCCCCCCCCCCCCCC
752,Cc1cc2nn(C)nc2c(C)c1C
753,Cc1cc2c(=O)n(C)c(=O)c3ccsc3c2s1
754,Cc1cc2sc(-c3c4c(c(C)n3C)C(=O)NC4=O)cc2s1
755,CCCCCCC(CCCC)CSC
756,CCCCC(CC)COC(C)=O
757,CCCCC(CC)CS
758,Cc1ccc(-c2cc(F)c(C)c3nsnc23)s1
759,CCCCCCCCCCCC
760,Cc1nc2scnc2s1
761,Cc1ccco1
762,Cc1cc2c(s1)-c1sc(C)cc1C(C)O2
763,CCCCCCCCCCCCC(C)CCCCCCCCCC
764,CCCCCCCCC
765,Cc1cnc2c(C)c(F)c(F)c(C)c2n1
766,Cc1c(F)cccc1F
767,CCCCCCCCCCCCS
768,Cc1nncs1
769,CCCCCCCCCOC
770,CCCCC(CC)COC
771,CCCn1nc2cc(F)c(F)c(C)c2n1
772,Cc1c2ccsc2cc2ccsc12
773,Cc1nc(C#N)cc2nn(C)nc12
774,Cc1cc2c(C)c3occc3c(C)c2s1
775,Cc1sc2ccsc2c1C
776,Cc1c(F)c(F)cc(F)c1F
777,Cc1ccsc1C
778,CCCCCCC(CCCC)COC(C)=O
779,Cc1cc2c3nonc3c3ccsc3c2s1
780,CCCCCCCCCCC
781,Cc1c(F)c(F)cc2nsnc12
782,Cc1ccc(-c2cc(C)c(C)c3nsnc23)s1
783,CCCCCCCCCCCCOC(C)=O
784,Cc1ccc2c3ccccc3n(C)c2c1
785,Cc1cc(F)cs1
786,Cc1cc(F)cc(F)c1
787,Cc1cnccn1
788,CCCCCCCCCCCCOC(=O)NC
789,Cc1cc2sc3c(c2s1)C(C)(C)c1cc2c(cc1-3)C(C)(C)c1c-2sc2ccsc12
790,COC=O
791,Cc1ccc(-c2nc3sc(C)nc3s2)s1
792,CCCCC(CC)COC=O
793,CCCCCCCCCCCCOC
794,CCCCCCCCCCN
795,Cc1cc2c(C)c3sc4ccsc4c3c(C)c2s1
796,Cc1cc2c(s1)c1sccc1c(=O)n2C
797,Cc1c(F)cc(-c2cnc3c(C)c(F)c(F)c(C)c3n2)cc1F
798,Cc1c(F)c(F)cc2nonc12
799,Cc1sccc1Cl
800,CCCCCCCCOC
801,Cc1cc(F)cc2nn(C)nc12
802,CB1Nc2cc3c(cc2-c2sc(C)cc21)NB(C)c1cc(C)sc1-3
803,Cc1sc(C)c2c1C(=O)NC2=O
804,Cc1scc(F)c1C
805,CCCCCCCCC(C)CCCCCC
806,CCCCC(C)CC
807,CCCCC(CC)SC
808,Cc1ccc(-c2cnc3c(C)c(F)c(F)c(C)c3n2)cc1C
809,COCCOCCOCCO
810,CCCCCCCCCCCCC(CCCCCCCCCC)COC=O
811,CCCCCCCCCCCCO
812,Cc1c2ccsc2c(C)c2nn(C)nc12
813,CCCCCCCCC(C)CCCCCCCC
814,Cc1cccc(F)c1
815,Cc1cccc2nsnc12
816,CCCCC(CC)CC(C)=O
817,Cc1ccc(-c2cc3c(=O)n(C)c(=O)c4cc(C)sc4c3s2)s1
818,CCCCCCCCCCC(CO)CCCCCCCC
819,Cc1ccc(-c2sc(C)c3c2C(=O)N(C)C3=O)s1
820,Cc1sc(C)c2c(F)csc12
821,CCCCC(CC)CC
822,CCOC=O
823,CCCCCCCCC(C)CCCC
824,c1ccsc1
825,CCC[Si](CCC)CCC
826,C=C(C)C#N
827,Cc1cc(C)c2nonc2c1C
828,CCCCCCCCCCCCN
829,Cc1cc2c(C)c3occc3c(C)c2o1
830,C#Cc1ccc(C)nc1
831,CCCCCCCCCCOC(C)=O
832,C=Cc1sc(C)cc1C#N
833,Cc1cccc(F)c1F
834,CCCCCCCCCCCCCCOC
835,CC=CC#N
836,Cc1cc2c(s1)-c1sc(C)cc1C(C)S2
837,Cc1nc2cc(F)c(F)c(C)c2nc1C
838,Cc1cc(F)c(C)s1
839,Cc1nncnn1
840,Cc1cc(C)c2nsnc2c1C
841,CCCCCCCCC(CC)CCCC
842,Cc1sc(C)c2c(Cl)csc12
843,Cc1cccnc1
844,Cc1ccc2sccc2c1
845,Cc1cccc(-c2cnc3c(C)c(F)c(F)c(C)c3n2)c1
846,Cc1cc2sccc2s1
847,Cc1cc2sc3c(C)c4c(sc5ccsc54)c(C)c3c2s1
848,Cc1ccc(-c2c3c(c(C)c4nn(C)nc24)C(=O)NC3=O)s1
849,CCCCCCCC(CC)CCCC
850,CCCCCCCCCCC(CCCCCCCC)COC=O
851,CCCCCCCCC(CCCCCC)COC=O
852,CCCCCCCCCCOC
853,CCCCCCCCCC
854,Cc1cccc(C)c1C
855,Cc1cccc(-c2cnc3c(C)cc4c(cc(C)c5nc(C)c(C)nc54)c3n2)c1
856,CCCCCCC(CCCC)COC
857,CCCCCCCCCCSC
858,Cc1cc(F)c(C)c2nccnc12
859,Cc1cc2ccccc2s1
860,CCCCCCC(CCCC)COC=O
861,Cc1ccc(C)c2nccnc12
862,CCCCCCC
863,Cc1ccc(-c2ccc(C)c(C)c2)s1
864,Cc1cc(C2CCCCC2)cs1
865,Cc1scc2c1C(=O)c1c(C)sc(C)c1C2=O
866,CCCCCCCC(CO)CCCCCC
867,Cc1cc2sc3c(C)c4c(cc3c2s1)sc1cc(C)sc14
868,CCCCCCCCC(CS)CCCCCC
869,CCCCCCOC(C)=O
870,Cc1ccc2c(c1)=Nc1cc3c(cc1=2)N=c1cc(C)ccc1=3
871,CCCCCC(CC)CCO
872,CC=Cc1cc2c(C)c3sc(C)cc3c(C)c2s1
873,CCCCCC[C@H](CO)CCCC
874,CCCCCCCCCCS(C)(=O)=O
875,Cc1cc2c(C)c3sccc3c(C)c2o1
876,Cc1cc2csc(C)c2cc1C
877,Cc1sc(C)c2c3c(sc12)C(=O)NC3=O
878,CC=Cc1cc(C)c(C)s1
879,Cc1ccc(-c2cnc3c(C)c(F)c(F)c(C)c3n2)s1
880,Cc1cccc(-c2cnc3c(C)c4c(c(C)c3n2)C(=O)N(C)C4=O)c1
881,Cc1scc2sn(C)c(=O)c12
882,CC[CH]CCCCCCCC
883,Cc1cc2nonc2c(C)c1C
884,N#Cc1ccccc1
885,CCCC[C@@H](CC)CO
886,Cc1cc2c3ccsc3c3cc4c(cc3c2s1)c1sc(C)cc1c1cc(C)sc14
887,CCCCCCCCCCCC[C@@H](C)CCCCCCCCCC
888,Cc1scc2c1C(=O)C(F)(F)C2=O
889,CNc1cc(C)cc(C)c1
890,Cc1cc2c3c(ccc4cc(C)cc(c43)C2C)c1
891,CCn1c2cc3c(cc2c2cc4c(cc21)-c1ccccc1C4(C)C)Cc1cc(C)ccc1-3
892,COc1csc(C)c1
893,CCCCCCCCCCCCCCCCC(C)CC
894,Cc1ccc(-c2cnc3c(C)cc(F)c(C)c3n2)s1
895,CCCCO
896,Cc1ccc(C#CC#Cc2ccc(C)s2)s1
897,CCCCCCCCOC(C)=O
898,CCCCCCCCCC[C@@H](C)CCCCCCCC
899,Cc1ccc(-c2cc3c4sc(C)cc4c4cc(C)sc4c3s2)s1
900,Cc1cc2c(ccc3nn(C)nc32)c2nn(C)nc12
901,Cc1cc2c(C)c(C)c3ccsc3c2s1
902,Cc1c(C#N)ncc2nn(C)nc12
903,Cc1cc2c3ccccc3ccc2c2ccccc12
904,Cc1cc2c(s1)-c1c(csc1C)C2=O
905,Cc1ccc2c(c1)[Ge]c1ccccc1-2
906,CCCCCC(CO)CCC
907,Cc1cc2c(C)c3sc4c5cc6sc7c(sc8c(C)c9cc(C)sc9c(C)c87)c6c(C)c5sc4c3c(C)c2s1
908,C=Cc1nc2cc3oc(C)nc3cc2o1
909,Cc1cc2c3ccsc3c3sc(C)cc3c2s1
910,Cc1ccc2c(c1)N(C)C(=O)C2=C1C(=O)N(C)c2ccccc21
911,Cc1cc2cc(C)c3c4sccc4cc(C)c3c2s1
912,Cc1ccc2c3ccccc3c3nc4c(C)c(F)c(F)c(C)c4nc3c2c1
913,Cc1cc2c(s1)-c1sc(C)cc1P2(C)=O
914,Cc1cc2c(s1)-c1ccccc1C2C
915,Cc1ncsc1C
916,Cc1cccc2nccnc12
917,Cc1sc2c(C)scc2c1C#N
918,Cc1cc2c(C)c3sc4c(sc5c(C)c6c(sc7c6sc6c(C)c8ccsc8c(C)c67)c(C)c54)c3c(C)c2s1
919,CCCCCC[C@@H](CC)CO
920,Cc1ccc(-c2c3c(c(C)n2C)C(=O)NC3=O)s1
921,Cc1ccc(-c2cc(C)c(C)c3nc(C)c(C)nc23)s1
922,Cc1sc2c(C)c3c(F)csc3c(C)c2c1F
923,C=Cc1nc(C)sc1C
924,Cc1cc2c(s1)-c1sccc1[Ge]2
925,Cc1c2c(cc3nsnc13)C(=O)N(C)C2=O
926,COc1ccccc1
927,CCCCCCCCCCCCCCCCCCCCOC
928,CCCC[C@H](C)CC
929,Cc1cc2cc3ccoc3cc2o1
930,Cc1ccc2c(c1)C(C)c1c-2sc2c1C(C)(C)c1cc(C)ccc1-2
931,C=Nc1ccccc1F
932,CCCCC(CC)CC=O
933,Cc1ccc(-c2nc3nc4sc(C)nc4nc3s2)s1
934,CCCCCC[C@@H](CS)CCCC
935,CCCCCCCCCC[CH]COC
936,CC1=C2C(=O)N(CCCCCCCCCCCCc3ccc(C)cc3)C(C)=C2C(=O)N1C
937,Cc1cc2c3nccnc3c3cc(C)sc3c2s1
938,C#Cc1c2cc(C)oc2c(C)c2cc(C)oc12
939,Cc1nc2csc(C)c2nc1C
940,Cc1ccc(-c2cc(C)c(C)c3nsnc23)[se]1
941,Cc1ccc2c3ccccc3c3c(C)sc(C)c3c2c1
942,Cc1ccc(C2(C)c3cc4c(cc3-c3sc(C)cc32)C(C)c2cc3c(cc2-4)C(C)(C)c2cc(C)sc2-3)cc1
943,CCCCCC(O)CCCCC
944,Cc1ccc(C)c(C)c1
945,Cc1oc2cc3ccoc3cc2c1C
946,Cc1cc2sc(-c3cc(C)c(C)c4nsnc34)cc2s1
947,CCCCCCCCCCC(CCO)CCCCCCCCCC
948,Cc1cc(F)cc(-c2cnc3c(C)c(F)c(F)c(C)c3n2)c1
949,Cc1ccc(-c2cnc3c(C)c(F)c(F)c(C)c3n2)cc1
950,Cc1ccc2c(c1)Cc1cc3c4cc5c(cc4n(C)c3cc1-2)-c1ccccc1C5(C)C
951,Cc1[se]cc2c1C(=O)N(C)C2=O
952,Cc1nc2c3nc4c(C)c5nsnc5c(C)c4nc3c3ncsc3c2s1
953,Cc1sc(C)c2c1C(=O)CC2=O
954,Cc1cc2cc3cc(C)c(C)cc3c(C)c2cc1C
955,Cc1cc2c3cc(C)c(C)cc3c3ccsc3c2s1
956,CCCCS
957,Cc1ccc(-c2cc(C)c(C)c3nonc23)o1
958,Cc1cc2sc3cc4c(cc3c2s1)NC(=O)C4C
959,CCCCC1(CCCC)c2ccccc2-c2cc3c(cc21)c1cc2c(cc1n3CC)-c1ccc(C)cc1C2
960,C=Cc1cc(C)sc1-c1ccc2c(c1)C(C)(C)c1cc(C)ccc1-2
961,Cc1ccc(-c2ccc(C)c3nsnc23)s1
962,Cc1ccsc1F
963,Cc1ccc(-c2cc(C)c(C)c3nc4c5cccc6ccc7cccc(c4nc23)c7c65)s1
964,Cc1ccc2c(c1)OC(C)c1cc(C)ccc1-2
965,Cc1ccc(-c2cc(C)c(C)c3nc4c5ccccc5c5ccccc5c4nc23)s1
966,C=CCCCCCC
967,Cc1cc2c(s1)C(C)c1ccc(F)cc1-2
968,Cc1cc2c(C)scc2s1
969,Cc1ccc(-c2cc(C)c(C)c3n[se]nc23)s1
970,CCCC[C@H](CC)CS
971,CCCCC(C=O)CC
972,Cc1cc2ccc3c4ccc5ccsc5c4ccc3c2s1
973,Cc1ccc2c(c1)S(=O)(=O)c1ccccc1-2
974,Cc1c2ncc(-c3ccc4c(c3)-c3c(F)cc(F)cc3C4)nc2c(C)c2nsnc12
975,CCCCCCCCC(C)CC
976,Cc1cc(-c2ccc(C)s2)cs1
977,Cc1cc2cc3occc3cc2o1
978,Cc1ccc2c(c1)Cc1cc3c(cc1-2)C(C)c1cc2c(cc1-3)C(C)c1cc(C)ccc1-2
979,Cc1scc2c1C(=O)C(C)C2=O
980,CC1=CC2C(=O)NC(=O)c3c(sc4c3sc3c5sc(C)cc5c(=O)n(C)c(=O)c43)C2S1
981,Cc1cc2c(C)c3cc4sccc4c(C)c3cc2s1
982,CCCCCCCCCC[C@H](C)CCCCCCCC
983,CC(F)=CF
984,Cc1cc2c(C)c3[se]ccc3c(C)c2[se]1
985,CC1=CC2C(=O)N(C)C(=O)c3c(sc4c3sc3c5sccc5c(=O)n(C)c(=O)c43)C2S1
986,Cc1cnc(C=C2C(=O)N(C)c3ccccc32)cn1
987,Cc1cc2c(cc(C)c3c4cc(C)sc4ccc23)s1
988,Cc1c(F)c(F)cc2nc3c(nc12)-c1cccc2cccc-3c12
989,CCCCCCCCC(CC)CC
990,Cc1ccc(F)s1
991,Cc1cc2c3n[se]nc3c3ccsc3c2s1
992,Cc1sc(C)c2c1C(=O)c1ccsc1-2
993,Cc1oc(C)c2c1C(=O)c1csc(C)c1C2=O
994,Cc1cc2cc(C)c3c(ccc4cc(C)sc43)c2s1
995,Cc1cc(F)cc2n[se]nc12
996,Cc1ccc2c3ccccc3c3nc4c(C)cnc(C)c4nc3c2c1
997,Cc1cc2c3ccccc3c3cc(C)sc3c2s1
998,Cc1ccc(-c2cnc3c(C)ccc(C)c3n2)s1
999,Cc1scc2c1C=CC2=O
1000,C#Cc1c(F)ccc(C)c1F
1001,CCCCCCCCC(CCO)CCCCCCCC
1002,Cc1scc2sc3c(c12)C(=O)N(C)C3=O
1003,Cc1cc2c(s1)-c1cc3c(cc1C2(C)C)-c1sc2c(c1C3(C)C)C(C)(C)c1cc3c(cc1-2)C(C)(C)c1cc(C)sc1-3
1004,CCCCC(CC)CCCC(CC)CCCC
1005,Cc1ccc(C)s1
1006,Cc1occ2c1C(=O)N(C)C2=O
1007,Cc1cc(Cl)cc2nsnc12
1008,Cc1cc2c(C)c3ccccc3c(C)c2cc1C
1009,CCCCC(C)CCCC
1010,C#CC#CC#CC#CC#CCCN
1011,Cc1ccc[te]1
1012,Cc1sc(C)c2c1C(=O)C(C)C2=O
1013,Cc1ccc(-c2cc(C)c(C)c3nsnc23)o1
1014,CC=Cc1ccc2c3ccc(C)cc3n(C)c2c1
1015,Cc1cc2c(s1)-c1sc(C)cc1OC2
1016,Cc1ccc(C2(C)c3cc(C)ccc3-c3sc4c5c(sc4c32)-c2ccc(C)cc2C5(C)C)cc1
1017,Cc1[se]c(C)c2[se]ccc12
1018,C=Cc1nc2cc3nc(C)oc3cc2o1
1019,Cc1cc2ccc3c(cc(C)c4cc(C)sc43)c2s1
1020,CCCCCCCCCCCCCC(N)=O
1021,Cc1cc2nnc3ccc(F)cc3c2cc1F
1022,CCCCCC[C@H](CC)CCCC
1023,Cc1sc(C)c2c1OCC(C)CO2
1024,CC1=C2C(=C(C)S1(=O)=O)c1cccc3cccc2c13
1025,C=Cc1cccs1
1026,CCCCCCC(CC)CCCC
1027,Cc1nnc(C)c2c1C(=O)NC2=O
1028,CCCCCC[C@H](C)CC
1029,CC=C(C#N)C(=O)OCCCCCCCCCCCC
1030,COc1ccsc1C
1031,C=CCCCCCCCCCCCC
1032,Cc1ccc(C2(C)c3cc(C)sc3-c3sc4c5c(sc4c32)-c2cc3c(cc2C5(C)C)-c2sc4c5c(sc4c2C3(C)C)-c2sc(C)cc2C5(C)c2ccc(C)cc2)cc1
1033,Cc1cc2c3ccc4nc(C)c5c6sc(C)cc6c6ccc7ncc(c2s1)c1c7c6c5c4c31
1034,CCCC[C@H](CC)CO
1035,Cc1cc2c(s1)=c1cc3c(cc1N=2)=c1cc2c(cc1=N3)c1sc(C)cc1n2C
1036,CCCCCCC(CC)CO
1037,Cc1sc(C)c2c1C(=O)c1ccccc1C2=O
1038,Cc1ccc2c(C)c(C)ccc2c1
1039,Cc1cc2sc3c(c2s1)[Ge](C)(C)c1c-3sc2ccsc12
1040,C=CCCCCCCCCCOC
1041,Cc1c(Cl)ccc2nsnc12
1042,CC1C(=O)Nc2ccccc21
1043,CCCCCCCCCCCCCOC
1044,CCCCSC
1045,Cc1c(C#N)c(C#N)cc2nn(C)nc12
1046,Cc1scc2c1OCC(C)(C)CO2
1047,CCCCCC(CC)CCOC
1048,CC=C(C#N)C(=O)OCCCCCCCC
1049,CNc1cc(C)cnc1-c1ncc(C)cc1N(C)c1ccc(C)cc1
1050,Cc1cc2c3cc(C)c(C)cc3c3nc4c(C)cccc4nc3c2cc1C
1051,CCCCCCCC[C@@H](C)CCCCCC
1052,Cc1sc(C)c2c1C(=O)c1ccsc1C2=O
1053,CCCCCCCC[Ge]
1054,CCCCCCCCC=O
1055,CCCCC(CC)C[SH](=O)=O
1056,C[CH]CCCCCCCC
1057,CC(C)CCCC(C)CCS
1058,Cc1cc(C)cc(C)c1
1059,Cc1cc2c3cc(C)sc3c3nc4c(nc3c2s1)C(=O)NC4=O
1060,CC1c2ccc(F)cc2-c2ccsc21
1061,CCCCCC[C@@H](CO)CCCC
1062,Cc1cc2c(s1)C(=C1C(=O)N(C)c3ccccc31)C(=O)N2C
1063,CC(C)CS
1064,CCCCCCCCO
1065,Cc1csc2c3sccc3c(=O)n(C)c12
1066,CCCCCCCCCCC(CCO)CCCCCCCC
1067,CCCCCCCCC(CCO)CCCCCC
1068,CCCCCCCCC(CC)CCCCC
1069,Cc1ccc(-c2cc3cc4oc(C)c(C)c4cc3o2)s1
1070,CCCCc1cc2c(cc1CCCC)C(=O)c1c(C)sc(C)c1C2=O
1071,CC=Cc1ccc(C)s1
1072,CC(C)CCCC(C)CCO
1073,Cc1cc(C=Cc2ccc(C)s2)cs1
1074,CCCCCCCC[C@H](CO)CCCCCC
1075,Cc1cc2cc(C)c3c(sc4c3sc3c5sc(C)cc5c(C)c(C)c34)c2s1
1076,C#Cc1cccc(C)c1
1077,CCCCCCCCCC[C@H](CO)CCCCCCCC
1078,Cc1nnc(C)c2nccnc12
1079,Cc1cc(C)c2nn(C)nc2c1C
1080,CCCCCCCCCCCCCCCCCCCCO
1081,Cc1cc2cc(C)c3cc(C)sc3c2s1
1082,Cc1cc2c(C)c3sc4c5cc6sc7cc(C)sc7c6c(C)c5sc4c3c(C)c2s1
1083,Cc1scc2c1C(=O)c1c(C)[se]c(C)c1C2=O
1084,Cc1sc(C)c2cc3c(cc12)C(=O)NC3=O
1085,Cc1cc2c(s1)c1sc(C)cc1c1c3sc(C)cc3c3ccsc3c21
1086,Cc1ccc(C2(C)c3cc4c(cc3-c3sccc32)sc2cc3c(cc24)C(C)(C)c2cc(C)sc2-3)cc1
1087,Cc1ccc(-c2cc(C)c(C)c3n[se]nc23)[se]1
1088,Cc1cccc2c1=NC(C)C(C)N=2
1089,CCCCC(CC)CCCOC(C)=O
1090,CCCCCCCC[C@H](CC)CCCCC
1091,Cc1scc2c1CC(C)(C)C2
1092,Cc1cc2c(C)c3oc(C)cc3cc2o1
1093,Cc1ccc(-c2nc3cc4sc(C)nc4cc3s2)s1
1094,CNc1ccccc1
1095,Cc1nc2cc3nn(C)nc3c(C)c2nc1C
1096,CCCCCC[C@@H](C)CCCC
1097,Cc1ccc2c(c1)-c1c(F)cc(F)cc1C2C
1098,Cc1ccc(-c2cnc3c(C)c(C)c(C)c(C)c3n2)cc1
1099,Cc1cccc2nc3c4ccccc4c4ccccc4c3nc12
1100,Cc1ccc2c(c1)OC(C)(C)c1ccccc1-2
1101,CCCCC(CC)C(C)=O
1102,Cc1cccc2c1=NC(C)(C)N=2
1103,Cc1cc(-c2cc(C)c(C)c3nc4c(nc23)-c2cccc3cccc-4c23)sc1C
1104,CCCC=O
1105,Cc1nncc2nonc12
1106,Cc1nncc2nn(C)nc12
1107,Cc1ccc2c3ccccc3c3nc4c(C)ccc(C)c4nc3c2c1
1108,Cc1cccc(-c2cnc3c(C)c(C)c(C)c(C)c3n2)c1
1109,C=C1C(=O)N(C)c2cc(C)ccc21
1110,Cc1scc2nccnc12
1111,Cc1ccc2c(c1)sc1ccccc12
1112,CNc1ccc2c(c1)C(C)(C)c1cc(C)ccc1-2
1113,Cc1ccc(-c2cnc3c(C)ccc(C)c3n2)cc1
1114,Cc1sc(C)c2c(=O)[nH]sc12
1115,CCCCCC(CC)CCC
1116,Cc1cc2sc3c4sc5ccsc5c4c(=O)n(C)c(=O)c3c2s1
1117,Cc1cc2c3ccsc3c3nc4c(C)ccc(C)c4nc3c2s1
1118,CCCCCC[C@@H](CC)CCCC
1119,Cc1[se]c(C)c2c1C(=O)NC2=O
1120,CCCCCCCC=O
1121,CCCCCCCC(C)=O
1122,Cc1sc(C)c2c1CNC2=O
1123,CCCC[C@@H](C=O)CC
1124,Cc1c(F)ccc2nn(C)nc12
1125,Cc1sc(C)c2scnc12
1126,CC1=CC2c3sccc3-c3cc(C)sc3C2S1
1127,Cc1ccc(-c2cc(C)c(C)c3nonc23)s1
1128,CC1(C)c2ccccc2-c2ccccc21
1129,Cc1cc2c(ccc3c4cc(C)sc4c(C)cc23)s1
1130,Cc1ccc2c(c1)[Ge](C)(C)c1ccccc1-2
1131,CCc1csc(C)c1
1132,Cc1cc[se]c1C
1133,C=CCCCCCCCCCO
1134,Cc1cc2c3cc(C)sc3c3sccc3c2s1
1135,Cc1cc2c(C)c3sc4c(sc5c(C)c6c(sc7ccsc76)c(C)c54)c3c(C)c2s1
1136,CCCCC(CC)COOC
1137,Cc1cc2ncc3cc(C)cc4c3c2c(c1)c(=O)n4C
1138,Cc1sc(C)c(C)c1C
1139,Cc1cc2c(=O)n(C)c3cccc4c(=O)n(C)c(c1)c2c43
1140,Cc1ccc2nsnc2c1C
1141,Cc1scc2cc3c(cc12)C(=O)N(C)C3=O
1142,CCCC[C@@H](C)CC
1143,Cc1nccc2nccnc12
1144,Cc1scc2c3c(sc12)C(=O)N(C)C3=O
1145,Cc1ccc2c(c1)Cc1cc(C)ccc1-2
1146,Cc1cc2cc3sccc3c(C)c2s1
1147,CCCCCCCCCCCC[C@H](C)CCCCCCCCCC
1148,CCn1c2cc3c(cc2c2cc4c(cc21)-c1ccc(C)cc1C4C)Cc1cc(C)ccc1-3
1149,Cc1ccc2c(c1)C(=O)c1c(csc1C)C2=O
1150,Cc1scc(C#N)c1C
1151,Cc1cc2c(C)cc3cc4c(cc3c2s1)c(C)c(C)c1cc(C)sc14
1152,Cc1nc2ccc(F)c(C)c2nc1C
1153,CCCCCC[C@H](C)CCCC
1154,Cc1cc2c(cc(C)c3sc(C)cc32)s1
1155,Cc1cc2c3c4c(cccc4n(C)c3c1)CC2
1156,Cc1nncc2nccnc12
1157,Cc1ccc(-c2ccc(C)[se]2)[se]1
1158,Cc1ccc[nH]1
1159,CCCCCCCC(N)=O
1160,Cc1cc2sc3cc4c(cc3c2s1)N(C)C(=O)C4C
1161,C=Nc1c(F)cccc1F
1162,Cc1nccc2nonc12
1163,Cc1c(C#N)ccc2nsnc12
1164,Cc1cc2c(s1)-c1sc(C)cc1SN2
1165,C#Cc1c2cc(C)sc2c(C)c2cc(C)sc12
1166,Cc1cc(F)c(C)c2nsnc12
1167,CCCCC(CC)CO
1168,Cc1cc2cnc3cc(C)cc4c(C)nc(c1)c2c34
1169,C=Cc1cc(C)sc1C
1170,CCCC[Si]
1171,Cc1cc2c(ccc3nonc32)c2nonc12
1172,Cc1c(F)c(F)cc2n[se]nc12
1173,C=C1c2cc3c(cc2-c2sc(C)cc21)C(C)c1cc(C)sc1-3
1174,Cc1cc(F)cc(-c2cnc3c(C)ccc(C)c3n2)c1
1175,Cc1cccs1
1176,Cc1ccc(S)cc1
1177,*C(=O)NCCCCCCNC(C)=O
1178,*CC(*)(C)C(=O)OCC
1179,*OC(=S)OC
1180,*CCC(=O)C(*)=S
1181,*NC(=O)NC(*)=S
1182,*NC(F)(F)CC(*)(F)F
1183,*Sc1ccc(C)cc1
1184,*C(=O)NC(F)(F)C(*)(F)F
1185,*CC(O)COC
1186,*CC1CC(*)OC(CCC)O1
1187,CC(=O)O
1188,*N1CCNCC1
1189,CC=CC(N)=O
1190,*CC(=O)CC(*)=S
1191,*OC(C)CCC(C)OC(=O)CCCCC(*)=O
1192,*NCNC(=O)OC(=O)NC(*)=O
1193,*OC1C(CO)OC(*)C(O)C1O
1194,*NOC(=O)NCC(=O)NC(*)=O
1195,*C(=S)C(=O)C(F)(F)C(*)(F)F
1196,*CCOC(=O)CCCCCCC(=O)O*
1197,*CC(=O)NCCCCCCNC(=O)CO*
1198,*NC(CCC(=O)OCCC)C(*)=O
1199,*CNC(=S)C(*)=O
1200,*NC(=O)C(C)=S
1201,*CNC(=O)C(*)=S
1202,*OC(F)(F)C(=O)C(*)(F)F
1203,*CC(*)(CC(=O)OCCC)C(=O)OCCC
1204,*C(F)(F)C(=O)C(F)F
1205,*CC(=O)OC(*)=S
1206,*C(=S)C(F)(F)NC(*)(F)F
1207,*CCCCCNC(=O)CCCCCC(=O)N*
1208,*CC(*)(C)C(=O)OCCCl
1209,*C(=O)CCCCC(N)=O
1210,*NC(=S)C(=O)O*
1211,*C(F)(F)NC(F)F
1212,*NC(C)C(*)=O
1213,*c1ccc(N)s1
1214,*Nc1ccc(C)s1
1215,*C(F)(F)CC(F)F
1216,*Oc1ccc(C)s1
1217,Clc1ccccc1
1218,*C(=O)CC(F)(F)C(*)(F)F
1219,*C(=S)NC(F)(F)C(*)(F)F
1220,*CC(*)(C)C(=O)OCCC#N
1221,*c1nc2ccccc2o1
1222,*CC(*)(C)C(=O)OCCCC
1223,*CC(*)(C)C(=O)OCCO
1224,CN1C(=O)c2ccccc2C1=O
1225,*C(F)C(*)(F)F
1226,*CC(*)(C)C(=O)OCCCCCCCCCCCCCCCCCC
1227,*CNC(=O)ONC(=O)NO*
1228,*NCC(F)(F)C(*)(F)F
1229,CC(N)=O
1230,Cc1ccc(C(=O)Nc2ccccc2)cc1
1231,*OC(=S)OC(*)=O
1232,*OC1C(C)(C)C(*)C1(C)C
1233,*C(C(F)(F)F)C(F)(F)F
1234,Cc1ccccc1C
1235,*C(=O)C(F)(F)C(=O)C(*)(F)F
1236,*CCCOC(=O)CCCCCCCCOC(=O)CCCOC(=O)CCCCCCCCOC(*)=O
1237,*NC(=O)NC
1238,*NC(=O)C(=S)C(*)=O
1239,*NC(=O)OC
1240,CC1(C)OC(=O)c2ccccc21
1241,COC(N)=S
1242,CCCCCC
1243,*CC(=O)NC(*)=S
1244,*C(=S)C=O
1245,*CC(=S)CC(*)=S
1246,*NC(=S)NC(*)=S
1247,*C(=O)C(=S)OC(*)=S
1248,CCOC(C)=O
1249,C=CC(=O)C=CC
1250,CC(N)=S
1251,*OCCC(=O)CC(=O)OC
1252,*CC(*)(C)C(=O)OCCCCCCCCCCCC
1253,CCCC
1254,*Oc1c(C)cc(*)cc1-c1ccccc1
1255,*OC(C)C(*)=O
1256,*C(=O)NC(=O)NC(N)=O
1257,*OC(=S)C(F)(F)C(*)(F)F
1258,CCCCC
1259,*NCCCNC(=O)NC(*)=O
1260,*CC(*)(CC(=O)OCCCC)C(=O)OCCCC
1261,CNC=O
1262,*NOC(F)(F)C(*)(F)F
1263,*CC(=O)NC
1264,Cc1cccc(C)c1
1265,C[SH](=O)=O
1266,*c1ccc(O)s1
1267,*CCC(O*)(C(F)(F)F)C(F)(F)F
1268,*NC(=O)NC(C)=O
1269,*C1(C)OCC2C(=O)N(C)C(=O)C21
1270,*OCC(C)=S
1271,*CCOCCOC(=O)NC
1272,*CCOC(=O)NCCOCCOCCNC(=O)O*
1273,*C(F)(F)C(F)(F)C=O
1274,c1ccccc1
1275,*NC(=S)OC(*)=S
1276,*OC(F)(F)C(=S)C(*)(F)F
1277,*CC(=O)C(=S)C(*)=O
1278,*CC(*)C(=O)NCCCCCCCCCCCC
1279,*CC(=O)OC(*)=O
1280,*OCC(F)(F)C(*)(F)F
1281,CC1CCCCC1
1282,*C(=O)ONC=O
1283,*C(F)(F)C(*)(F)Cl
1284,*C(=O)NCCNC(C)=O
1285,CC(=O)S
1286,*Nc1cccs1
1287,*OC(C)CC(*)=O
1288,CC(O)=S
1289,*CC(=O)C(=S)O*
1290,CCCCOC
1291,*CC(*)(C)C(=O)OCCCCCCCC
1292,*Oc1c(C)cc(*)cc1C
1293,*CNCNC(=O)NC(=O)N*
1294,*OC(F)(F)NC(*)(F)F
1295,*CC(*)(CC(=O)OCC)C(=O)OCC
1296,*CC(*)(C)C(=O)OCC(F)(F)F
1297,*Oc1cccs1
1298,Cc1ccc2nccc(C)c2c1
1299,CC=O
1300,CCC=S
1301,Cc1cccc(O)c1
1302,*CC(*)(C)C(=O)OCCC(C)CC(C)(C)C
1303,*CC(=O)CC(*)=O
1304,*OC(=O)C(F)(F)C(*)(F)F
1305,*c1cc(C)c2cc(O)ccc2n1
1306,*OC=S
1307,CCOC(=O)CC
1308,*CNC(C)=S
1309,*C(=O)CCCCCCCCC(N)=O
1310,CCCCNC(=O)OCC
1311,CCCCCCCC
1312,*C(=S)C(F)(F)CC(*)(F)F
1313,CC(F)F
1314,*OS(C)(=O)=O
1315,*OC(=O)OC(*)=O
1316,CC
1317,C1CO1
1318,CCC(C)C
1319,*Oc1ccc(C)cc1
1320,O=CO
1321,*C(=S)CC(F)(F)C(*)(F)F
1322,*C(=O)C(F)(F)NC(*)(F)F
1323,CC1(C)CCCCC1
1324,*CC(C)(C)C(=O)O*
1325,Cc1ccc2ccccc2c1
1326,*CC(=S)C(=O)O*
1327,*CC(*)(Cl)Cl
1328,*c1ccc2c(c1)c1ccccc1n2C
1329,Cc1ccc(C)cc1
1330,*CCC(=O)OC(=O)CC
1331,c1ccncc1
1332,*NC(=O)OC(*)=S
1333,*CCCCCCOC(=O)CCCCC(=O)O*
1334,*c1nc2cc3ncoc3cc2o1
1335,*C(=S)OC(C)=S
1336,CO[SH](=O)=O
1337,*C(F)(F)C(N)(F)F
1338,CNC(=O)C=S
1339,*N1C(=O)c2ccc(O)cc2C1=O
1340,*CC(*)(Cl)C(=O)OC
1341,CNC(N)=S
1342,*C(=O)C(F)(F)CC(*)(F)F
1343,CCc1ccc(C)cc1
1344,CC=S
1345,Cc1cc(Br)cc(Br)c1
1346,*CCOC(=S)NC(C)=S
1347,*ON(C(F)(F)F)C(F)(F)C(*)(F)F
1348,*NC(CCSC)C(*)=O
1349,*OC(F)(F)CC(*)(F)F
1350,*Nc1cccc(C)c1
1351,CC(C)C(F)(F)F
1352,*OC(F)(F)OC(*)(F)F
1353,CCC
1354,FC(F)F
1355,*C(=O)NONC(N)=O
1356,*C(=S)C(C)(F)F
1357,*CC(=S)OC(*)=S
1358,Cc1ccc(O)cc1
1359,*CC(*)(C)C(=O)OCCC
1360,*C(F)(F)C(C)(F)F
1361,*CC(=S)C(=O)C(*)=S
1362,*CC(=O)CC
1363,*OC(C)(F)F
1364,CC(C)C
1365,*NC(=O)C(=S)O*
1366,*CCCCCCNC(=S)NC
1367,*c1c(Br)cccc1Br
1368,*NC(F)(F)NC(*)(F)F
1369,*CCOCCOC(C)=O
1370,*CC(=S)NC(*)=S
1371,*C(=S)C(=O)CCNC
1372,Cc1ccc2c(c1)C(=O)NC2=O
1373,*CC(*)(CC(=O)OC)C(=O)OC
1374,*CC(CCl)(CCl)CO*
1375,*CC(=O)C(C)=S
1376,*c1ccc(N)cc1
,
,
,
,
,
,
,
,
,
,
,
,
,
,
,
,
,
,
,
,
,
,
,
,
,
,
,
,
,
,
,
,
,
,
,
,
,
,
,
,
,
,
,
,
,
,
,
,
,
,
,
,
,
,
,
,
,
,
,
,
,
,
,
,
,
,
,
,
,
,
,
,
,
,
,
,
,
,
,
,
,
,
,
,
,
,
,
,
,
,
,
,
,
,
,
,
,
,
,
,
,
,
,
,
,
,
,
,
,
,
,
,
,
,
,
,
,
,
,
,
,
,
,
,
,
,
,
,
,
,
,
,
,
